Date Time,Open,High,Low,Close,Volume,Adj Close
2014-01-01 00:00:00,732.0,738.25,729.01,734.81,266.17955488,
2014-01-01 00:30:00,734.81,739.9,734.47,739.02,308.96802502,
2014-01-01 01:00:00,739.02,739.97,737.65,738.11,65.66924473,
2014-01-01 01:30:00,738.0,742.0,737.65,741.89,710.27165024,
2014-01-01 02:00:00,741.89,757.99,741.89,752.23,1085.13335011,
2014-01-01 02:30:00,752.23,755.0,747.0,747.2,272.03949342,
2014-01-01 03:00:00,747.2,749.61,742.0,742.18,289.23615628,
2014-01-01 03:30:00,742.0,747.32,740.0,744.99,97.67214191,
2014-01-01 04:00:00,744.98,748.02,744.98,747.5,104.65989075,
2014-01-01 04:30:00,748.02,749.59,745.75,749.52,67.71588892,
2014-01-01 05:00:00,749.52,749.99,745.84,749.96,145.29399762,
2014-01-01 05:30:00,749.96,749.99,748.0,749.9,43.72749627,
2014-01-01 06:00:00,749.9,749.9,743.21,744.0,72.45321312,
2014-01-01 06:30:00,743.2,746.9,741.2,746.19,38.25839011,
2014-01-01 07:00:00,745.0,749.99,745.0,749.55,268.26641333,
2014-01-01 07:30:00,749.54,749.54,741.02,746.89,46.54401819,
2014-01-01 08:00:00,746.85,746.89,741.12,744.84,79.23535467,
2014-01-01 08:30:00,744.84,750.06,742.0,742.03,592.64294421,
2014-01-01 09:00:00,742.0,746.99,742.0,745.51,92.37048284,
2014-01-01 09:30:00,745.51,746.0,741.16,745.0,155.74794163,
2014-01-01 10:00:00,745.0,745.0,741.01,741.09,224.53451639,
2014-01-01 10:30:00,741.09,743.9,735.2,739.55,336.6767686,
2014-01-01 11:00:00,738.07,743.76,735.2,743.76,113.46532189,
2014-01-01 11:30:00,743.76,743.76,738.0,740.0,62.70549507,
2014-01-01 12:00:00,740.0,742.94,738.0,741.86,55.06262669,
2014-01-01 12:30:00,742.8,742.84,740.21,741.99,19.79311457,
2014-01-01 13:00:00,741.99,748.0,740.29,746.0,238.78442087,
2014-01-01 13:30:00,746.07,746.07,742.35,744.0,23.32992956,
2014-01-01 14:00:00,744.0,744.0,741.6,743.66,28.56946963,
2014-01-01 14:30:00,743.66,745.98,741.7,745.0,57.7088605,
2014-01-01 15:00:00,744.99,745.0,741.7,745.0,81.62351641,
2014-01-01 15:30:00,745.0,745.5,741.8,743.35,27.01047749,
2014-01-01 16:00:00,742.09,744.9,741.49,743.4,31.55190193,
2014-01-01 16:30:00,743.4,746.47,741.0,744.9,99.73627123,
2014-01-01 17:00:00,744.9,746.99,742.2,743.41,82.97223484,
2014-01-01 17:30:00,743.31,747.28,743.31,747.0,51.69973564,
2014-01-01 18:00:00,744.3,747.0,744.01,745.3,36.86604803,
2014-01-01 18:30:00,745.0,746.78,743.97,746.3,63.14676668,
2014-01-01 19:00:00,746.78,746.78,743.97,746.77,30.00543105,
2014-01-01 19:30:00,746.76,747.87,744.05,745.2,120.93284419,
2014-01-01 20:00:00,747.86,747.86,746.0,747.5,33.8071587,
2014-01-01 20:30:00,746.7,749.89,746.0,747.0,257.65503925,
2014-01-01 21:00:00,749.0,752.5,746.03,748.05,445.80619735,
2014-01-01 21:30:00,748.05,753.12,747.41,752.96,109.89481362,
2014-01-01 22:00:00,752.87,753.0,750.11,750.76,87.96079633,
2014-01-01 22:30:00,750.03,754.98,750.03,752.93,193.33352276,
2014-01-01 23:00:00,753.44,754.22,745.02,753.55,129.4563439,
2014-01-01 23:30:00,753.55,754.9,746.17,754.22,61.46259066,
2014-01-02 00:00:00,750.15,754.9,749.0,750.0,232.76769135,
2014-01-02 00:30:00,750.0,751.98,747.5,749.0,57.98200899,
2014-01-02 01:00:00,751.88,751.9,747.11,751.54,17.54419239,
2014-01-02 01:30:00,749.0,751.85,747.11,749.6,112.51671186,
2014-01-02 02:00:00,748.0,751.0,748.0,751.0,117.50332909,
2014-01-02 02:30:00,751.0,751.8,747.0,747.01,57.92770742,
2014-01-02 03:00:00,748.68,751.0,748.68,749.0,35.32818249,
2014-01-02 03:30:00,749.0,750.0,746.1,746.1,79.70246242,
2014-01-02 04:00:00,746.1,747.0,745.18,746.88,181.77720304,
2014-01-02 04:30:00,746.88,747.85,745.18,747.85,53.78935597,
2014-01-02 05:00:00,747.85,749.79,745.19,749.6,61.81102424,
2014-01-02 05:30:00,749.79,749.79,745.1,745.38,91.46707038,
2014-01-02 06:00:00,745.38,749.4,743.0,746.72,270.83521383,
2014-01-02 06:30:00,746.72,747.0,744.6,744.92,31.88814567,
2014-01-02 07:00:00,744.92,746.39,742.5,742.52,111.04283778,
2014-01-02 07:30:00,742.52,746.32,742.51,746.3,38.83775226,
2014-01-02 08:00:00,746.3,748.2,745.1,748.06,74.44531632,
2014-01-02 08:30:00,747.01,747.99,745.0,747.4,116.90750379,
2014-01-02 09:00:00,747.5,748.0,744.0,748.0,65.84054895,
2014-01-02 09:30:00,748.0,751.79,746.0,749.0,220.39011236,
2014-01-02 10:00:00,749.0,759.0,744.78,749.2,746.15045205,
2014-01-02 10:30:00,749.99,758.0,748.61,751.0,218.52056215,
2014-01-02 11:00:00,751.98,759.9,751.0,756.1,265.99177938,
2014-01-02 11:30:00,756.09,759.4,755.0,758.9,241.48244976,
2014-01-02 12:00:00,758.9,758.98,754.0,757.47,112.15038313,
2014-01-02 12:30:00,758.15,758.48,754.02,755.53,63.55081935,
2014-01-02 13:00:00,755.53,757.99,752.01,757.72,231.78379951,
2014-01-02 13:30:00,753.32,755.43,750.0,753.38,419.9896269,
2014-01-02 14:00:00,755.0,756.0,750.01,753.89,231.98452131,
2014-01-02 14:30:00,753.89,753.89,750.0,750.16,220.21832345,
2014-01-02 15:00:00,752.0,753.86,750.16,753.85,66.67104373,
2014-01-02 15:30:00,753.85,754.5,748.98,751.62,255.18907881,
2014-01-02 16:00:00,751.67,756.0,751.67,755.3,141.45362092,
2014-01-02 16:30:00,755.3,756.2,751.71,756.11,240.58979623,
2014-01-02 17:00:00,756.2,756.98,753.0,754.02,118.59625674,
2014-01-02 17:30:00,755.0,757.99,752.76,757.99,319.41738178,
2014-01-02 18:00:00,757.99,759.99,755.4,757.99,421.05540995,
2014-01-02 18:30:00,757.99,763.8,756.8,763.23,740.39082388,
2014-01-02 19:00:00,763.23,768.0,762.99,765.01,838.18736298,
2014-01-02 19:30:00,766.0,775.0,764.25,770.0,731.4589405,
2014-01-02 20:00:00,769.01,785.24,769.01,778.53,1211.85335216,
2014-01-02 20:30:00,778.0,787.0,778.0,786.0,838.67727462,
2014-01-02 21:00:00,786.0,798.7,783.0,796.97,1474.12367959,
2014-01-02 21:30:00,796.97,798.66,785.01,789.98,871.68198821,
2014-01-02 22:00:00,789.98,794.98,780.27,780.27,816.66954666,
2014-01-02 22:30:00,780.27,791.99,771.0,787.0,676.55520877,
2014-01-02 23:00:00,786.91,790.52,780.0,786.13,299.52480962,
2014-01-02 23:30:00,786.0,788.0,777.77,784.19,289.94634464,
2014-01-03 00:00:00,784.19,784.99,780.0,784.99,215.24013626,
2014-01-03 00:30:00,784.98,786.99,780.47,785.98,242.71281839,
2014-01-03 01:00:00,784.13,785.97,780.0,780.0,201.59750141,
2014-01-03 01:30:00,780.17,782.97,776.89,782.09,132.00082899,
2014-01-03 02:00:00,782.09,782.09,774.0,775.0,204.84664263,
2014-01-03 02:30:00,774.13,777.65,769.3,769.3,491.68010557,
2014-01-03 03:00:00,769.06,778.99,767.62,772.84,327.51340765,
2014-01-03 03:30:00,772.79,778.0,772.73,777.0,274.53239472,
2014-01-03 04:00:00,777.0,784.66,777.0,784.0,107.92651031,
2014-01-03 04:30:00,783.99,784.0,773.0,778.59,136.55605612,
2014-01-03 05:00:00,778.59,780.0,776.0,779.89,47.55393435,
2014-01-03 05:30:00,779.8,783.49,773.12,782.09,136.52364235,
2014-01-03 06:00:00,782.5,782.99,778.59,782.98,21.67188402,
2014-01-03 06:30:00,779.23,782.99,773.49,781.45,95.20796201,
2014-01-03 07:00:00,780.96,782.8,777.77,782.79,94.5750802,
2014-01-03 07:30:00,782.8,784.49,780.47,784.0,257.00628782,
2014-01-03 08:00:00,784.0,795.5,783.64,791.03,452.44567674,
2014-01-03 08:30:00,795.0,796.0,788.11,791.6,129.33161903,
2014-01-03 09:00:00,791.01,796.97,790.6,796.87,313.07795107,
2014-01-03 09:30:00,796.88,798.5,794.8,798.3,333.33235988,
2014-01-03 10:00:00,796.52,805.0,796.5,803.0,926.81684203,
2014-01-03 10:30:00,805.0,818.99,803.0,811.22,916.46337121,
2014-01-03 11:00:00,812.22,814.98,803.24,807.0,753.08120619,
2014-01-03 11:30:00,807.0,809.5,799.1,804.99,693.14146509,
2014-01-03 12:00:00,804.99,805.2,800.02,804.97,136.30931879,
2014-01-03 12:30:00,805.0,810.0,804.01,809.99,246.25986385,
2014-01-03 13:00:00,809.99,818.5,809.95,816.5,807.30112233,
2014-01-03 13:30:00,816.5,817.23,811.55,813.99,231.65250758,
2014-01-03 14:00:00,813.22,813.98,805.37,807.0,337.96794537,
2014-01-03 14:30:00,807.0,814.0,805.91,812.0,137.18134694,
2014-01-03 15:00:00,812.0,816.28,810.95,810.95,233.05148673,
2014-01-03 15:30:00,810.95,814.03,808.0,810.01,173.04283011,
2014-01-03 16:00:00,811.0,812.6,802.0,804.0,314.94024553,
2014-01-03 16:30:00,803.99,810.0,802.01,806.58,257.12471602,
2014-01-03 17:00:00,806.58,812.99,805.07,809.75,206.64353625,
2014-01-03 17:30:00,809.75,809.98,806.0,806.03,53.28466209,
2014-01-03 18:00:00,806.0,807.99,803.0,804.08,99.51494132,
2014-01-03 18:30:00,805.0,807.9,796.0,799.78,1072.15906563,
2014-01-03 19:00:00,797.63,809.8,790.25,792.0,755.16888436,
2014-01-03 19:30:00,793.98,800.0,790.05,798.99,585.15246921,
2014-01-03 20:00:00,796.01,799.0,791.78,798.96,114.48387827,
2014-01-03 20:30:00,798.79,805.98,796.06,800.0,248.6286565,
2014-01-03 21:00:00,799.94,804.49,797.5,799.99,230.49521279,
2014-01-03 21:30:00,798.19,807.0,797.0,799.5,504.85847303,
2014-01-03 22:00:00,799.61,804.99,799.5,804.99,111.82394054,
2014-01-03 22:30:00,804.98,809.99,802.01,807.32,299.94006668,
2014-01-03 23:00:00,809.97,809.99,805.8,807.03,99.24853943,
2014-01-03 23:30:00,807.39,809.4,805.11,809.4,99.19343477,
2014-01-04 00:00:00,808.24,809.25,800.0,801.12,258.19744647,
2014-01-04 00:30:00,801.87,806.09,795.02,801.11,175.49014301,
2014-01-04 01:00:00,801.11,804.85,800.0,801.0,25.79450794,
2014-01-04 01:30:00,801.0,801.0,796.0,799.98,94.31072049,
2014-01-04 02:00:00,799.98,799.98,795.05,795.06,34.14400173,
2014-01-04 02:30:00,795.06,804.19,795.05,804.09,107.18147162,
2014-01-04 03:00:00,804.19,805.05,800.98,802.39,564.59595738,
2014-01-04 03:30:00,803.5,803.5,790.2,795.2,488.41210143,
2014-01-04 04:00:00,795.2,796.0,791.0,794.95,103.46227467,
2014-01-04 04:30:00,794.95,798.99,792.0,795.78,69.63201741,
2014-01-04 05:00:00,795.78,799.13,793.0,799.13,23.79368684,
2014-01-04 05:30:00,799.13,799.65,795.13,797.15,21.70856144,
2014-01-04 06:00:00,799.37,800.82,796.03,798.74,21.35786054,
2014-01-04 06:30:00,798.73,798.73,795.0,795.1,101.19695406,
2014-01-04 07:00:00,795.1,803.31,795.05,803.31,282.507008,
2014-01-04 07:30:00,799.95,813.94,799.95,813.5,527.91552573,
2014-01-04 08:00:00,813.5,813.95,807.0,808.99,74.92974986,
2014-01-04 08:30:00,807.14,811.0,804.0,811.0,83.77925859,
2014-01-04 09:00:00,809.0,812.75,809.0,810.06,69.24693225,
2014-01-04 09:30:00,810.0,810.02,807.0,809.03,91.58795788,
2014-01-04 10:00:00,809.03,809.89,805.15,809.88,61.84576466,
2014-01-04 10:30:00,809.0,809.96,805.72,805.72,136.97890719,
2014-01-04 11:00:00,805.72,809.7,804.98,809.0,121.98930771,
2014-01-04 11:30:00,809.0,810.2,805.0,809.32,42.88522571,
2014-01-04 12:00:00,809.32,809.71,805.66,808.89,93.86283903,
2014-01-04 12:30:00,809.0,809.25,808.39,808.39,57.4166562,
2014-01-04 13:00:00,808.39,809.0,805.0,805.02,99.98039109,
2014-01-04 13:30:00,805.02,808.0,800.0,805.7,325.70854235,
2014-01-04 14:00:00,806.91,808.0,800.0,806.21,243.76487305,
2014-01-04 14:30:00,806.77,813.92,800.0,813.9,553.17013311,
2014-01-04 15:00:00,813.76,813.89,806.01,811.35,42.80464781,
2014-01-04 15:30:00,811.35,813.99,810.43,811.62,154.45766456,
2014-01-04 16:00:00,811.61,822.0,810.0,821.95,1238.02565547,
2014-01-04 16:30:00,821.95,830.0,818.0,828.5,954.64162102,
2014-01-04 17:00:00,828.5,829.0,817.33,824.99,377.49632509,
2014-01-04 17:30:00,824.83,829.79,821.1,822.0,288.36749705,
2014-01-04 18:00:00,822.0,829.19,819.54,827.33,264.64727518,
2014-01-04 18:30:00,828.5,829.9,819.55,822.82,465.09101324,
2014-01-04 19:00:00,821.17,828.86,820.53,823.0,191.4112179,
2014-01-04 19:30:00,821.09,825.0,820.0,821.68,86.48417665,
2014-01-04 20:00:00,821.68,829.0,820.75,825.33,137.58176756,
2014-01-04 20:30:00,827.24,829.0,825.2,827.0,75.82882256,
2014-01-04 21:00:00,827.0,828.99,822.0,824.0,490.34285274,
2014-01-04 21:30:00,823.9,826.24,817.8,825.12,383.27200844,
2014-01-04 22:00:00,825.52,828.74,823.02,828.73,229.66322632,
2014-01-04 22:30:00,827.8,828.6,825.1,828.01,54.24028047,
2014-01-04 23:00:00,828.01,828.48,826.52,827.55,146.26702423,
2014-01-04 23:30:00,827.54,828.79,825.1,828.79,452.67309389,
2014-01-05 00:00:00,828.8,834.57,828.79,834.57,527.50535777,
2014-01-05 00:30:00,834.59,840.0,834.54,839.98,1050.00366111,
2014-01-05 01:00:00,839.97,839.99,829.11,835.34,293.85426459,
2014-01-05 01:30:00,836.09,839.9,834.34,839.84,136.8892679,
2014-01-05 02:00:00,836.51,839.95,826.07,830.55,620.88823617,
2014-01-05 02:30:00,830.54,835.06,826.82,828.3,162.90438542,
2014-01-05 03:00:00,829.3,836.02,826.08,831.0,176.54190212,
2014-01-05 03:30:00,830.5,838.69,830.0,838.69,169.02857542,
2014-01-05 04:00:00,838.7,840.0,836.11,838.0,323.84276332,
2014-01-05 04:30:00,837.8,841.0,836.11,841.0,80.59623949,
2014-01-05 05:00:00,841.0,841.88,840.0,841.88,149.52655758,
2014-01-05 05:30:00,841.88,841.88,837.67,839.01,96.80754222,
2014-01-05 06:00:00,839.01,840.0,836.31,839.5,35.0262746,
2014-01-05 06:30:00,837.22,839.8,833.0,839.3,259.63455794,
2014-01-05 07:00:00,839.77,839.99,836.0,839.99,98.43944065,
2014-01-05 07:30:00,838.56,839.99,834.02,835.6,62.92303277,
2014-01-05 08:00:00,836.85,841.28,836.85,839.0,140.33397582,
2014-01-05 08:30:00,839.76,841.9,839.01,841.27,90.36222074,
2014-01-05 09:00:00,840.77,841.88,839.2,840.0,19.3571117,
2014-01-05 09:30:00,840.0,841.89,839.0,841.81,90.61297512,
2014-01-05 10:00:00,840.81,841.9,839.0,839.0,89.53466145,
2014-01-05 10:30:00,839.02,840.77,839.02,839.89,87.30676072,
2014-01-05 11:00:00,839.77,839.99,837.72,838.9,40.83722364,
2014-01-05 11:30:00,839.5,839.99,838.5,839.99,40.47777931,
2014-01-05 12:00:00,839.99,844.95,839.49,844.95,656.80153304,
2014-01-05 12:30:00,843.95,853.5,843.91,853.5,1023.14217354,
2014-01-05 13:00:00,853.5,854.9,843.02,854.78,462.41161207,
2014-01-05 13:30:00,854.9,858.0,851.0,858.0,476.14696644,
2014-01-05 14:00:00,858.0,871.24,858.0,871.24,1181.75903029,
2014-01-05 14:30:00,871.39,878.36,868.38,877.98,847.19304438,
2014-01-05 15:00:00,877.98,890.0,876.11,889.9,1128.60699164,
2014-01-05 15:30:00,889.9,906.28,862.01,870.37,1752.68874588,
2014-01-05 16:00:00,867.5,903.0,867.0,903.0,1764.99949122,
2014-01-05 16:30:00,901.0,919.9,900.0,905.7,959.24907188,
2014-01-05 17:00:00,905.99,907.12,890.01,895.0,685.93210308,
2014-01-05 17:30:00,895.0,898.8,881.26,895.76,707.82790903,
2014-01-05 18:00:00,898.77,904.0,895.76,899.73,254.15420402,
2014-01-05 18:30:00,899.73,909.0,898.73,907.17,521.39679305,
2014-01-05 19:00:00,905.37,948.0,905.37,929.94,2387.17985074,
2014-01-05 19:30:00,928.54,930.0,911.0,911.2,728.84418383,
2014-01-05 20:00:00,911.2,928.79,910.0,920.55,641.38336497,
2014-01-05 20:30:00,920.55,930.0,920.47,923.8,342.38906742,
2014-01-05 21:00:00,922.8,925.38,912.0,917.9,342.68417167,
2014-01-05 21:30:00,917.9,929.0,912.02,913.0,252.96028322,
2014-01-05 22:00:00,914.37,916.8,890.0,909.0,980.33663097,
2014-01-05 22:30:00,909.0,919.99,900.0,908.5,494.41487538,
2014-01-05 23:00:00,909.0,909.0,895.0,907.9,474.22098861,
2014-01-05 23:30:00,907.9,909.0,899.0,905.0,165.99174246,
2014-01-06 00:00:00,905.0,914.97,905.0,912.22,241.48896297,
2014-01-06 00:30:00,912.22,915.0,906.99,909.71,108.73732818,
2014-01-06 01:00:00,909.71,910.0,903.03,903.61,147.09453995,
2014-01-06 01:30:00,903.61,918.0,903.0,910.51,141.17315113,
2014-01-06 02:00:00,912.32,929.99,912.32,923.98,643.25716893,
2014-01-06 02:30:00,924.34,926.72,905.31,920.47,400.17798695,
2014-01-06 03:00:00,923.0,934.9,920.47,931.98,251.48308765,
2014-01-06 03:30:00,934.3,947.0,931.98,944.0,633.83872844,
2014-01-06 04:00:00,945.9,947.22,935.0,945.5,286.78795732,
2014-01-06 04:30:00,945.5,947.98,935.58,939.81,310.63964613,
2014-01-06 05:00:00,941.8,945.0,935.58,942.99,121.38841368,
2014-01-06 05:30:00,943.0,947.4,932.94,947.0,404.71204583,
2014-01-06 06:00:00,946.92,959.0,942.92,958.89,977.20269126,
2014-01-06 06:30:00,958.89,976.5,958.89,969.0,882.16697685,
2014-01-06 07:00:00,969.0,974.29,950.14,957.47,1103.45150227,
2014-01-06 07:30:00,957.57,970.98,957.57,968.18,318.43123037,
2014-01-06 08:00:00,968.33,975.99,962.0,974.01,209.15529444,
2014-01-06 08:30:00,974.0,975.0,968.08,972.0,211.94672019,
2014-01-06 09:00:00,971.99,987.65,968.09,985.0,586.25147062,
2014-01-06 09:30:00,985.0,993.0,983.0,990.0,735.79742729,
2014-01-06 10:00:00,990.0,995.0,976.51,989.66,476.20454263,
2014-01-06 10:30:00,989.0,989.66,981.02,981.02,393.08661396,
2014-01-06 11:00:00,981.52,984.73,967.08,971.0,629.90096432,
2014-01-06 11:30:00,971.15,977.06,956.01,968.02,614.36064572,
2014-01-06 12:00:00,970.5,973.95,931.4,953.75,861.80950085,
2014-01-06 12:30:00,954.0,960.0,926.0,929.01,1137.82548483,
2014-01-06 13:00:00,929.02,935.0,905.55,923.01,1610.12812454,
2014-01-06 13:30:00,926.85,957.78,919.0,945.0,653.84705069,
2014-01-06 14:00:00,945.68,949.49,935.86,939.93,395.12247993,
2014-01-06 14:30:00,938.8,944.9,924.98,940.0,417.56496075,
2014-01-06 15:00:00,943.76,943.76,925.45,932.0,297.7758412,
2014-01-06 15:30:00,933.0,935.72,876.0,876.0,1770.62760383,
2014-01-06 16:00:00,876.01,912.99,876.01,912.22,1159.38538252,
2014-01-06 16:30:00,912.22,920.0,892.01,899.02,757.68435901,
2014-01-06 17:00:00,899.02,922.0,899.02,922.0,553.1720561,
2014-01-06 17:30:00,922.0,939.0,919.0,938.0,616.80041553,
2014-01-06 18:00:00,937.0,941.23,922.52,935.06,768.97101212,
2014-01-06 18:30:00,936.0,939.99,912.0,919.99,394.32015711,
2014-01-06 19:00:00,920.0,930.01,919.9,920.0,342.80254843,
2014-01-06 19:30:00,921.0,930.0,911.2,929.88,252.40031067,
2014-01-06 20:00:00,929.53,932.59,921.32,928.99,252.84110597,
2014-01-06 20:30:00,929.0,932.95,927.82,932.82,341.81290331,
2014-01-06 21:00:00,932.82,944.5,932.82,939.43,507.7318931,
2014-01-06 21:30:00,939.43,939.99,920.6,927.4,296.44898981,
2014-01-06 22:00:00,928.0,932.92,922.0,927.64,312.05583938,
2014-01-06 22:30:00,930.0,930.0,908.0,914.84,637.46103678,
2014-01-06 23:00:00,914.98,919.38,904.54,913.0,448.71512464,
2014-01-06 23:30:00,913.0,919.24,907.11,919.24,270.8671131,
2014-01-07 00:00:00,915.8,919.24,914.0,919.23,109.17695568,
2014-01-07 00:30:00,919.24,924.99,912.44,924.99,184.89779675,
2014-01-07 01:00:00,924.78,931.0,920.28,928.0,191.97095736,
2014-01-07 01:30:00,930.0,935.1,927.02,935.1,306.60939423,
2014-01-07 02:00:00,935.1,943.0,935.0,943.0,355.812897,
2014-01-07 02:30:00,943.0,943.0,930.0,932.61,163.23721325,
2014-01-07 03:00:00,930.61,938.78,927.01,937.5,236.6053117,
2014-01-07 03:30:00,930.17,936.99,925.0,928.11,222.01143561,
2014-01-07 04:00:00,928.11,934.99,922.04,934.98,119.32460944,
2014-01-07 04:30:00,932.15,934.28,922.55,927.17,100.89191359,
2014-01-07 05:00:00,927.17,930.22,920.0,924.99,185.58890034,
2014-01-07 05:30:00,924.99,935.04,918.1,931.27,162.55581136,
2014-01-07 06:00:00,927.54,927.54,904.67,908.0,645.99673561,
2014-01-07 06:30:00,908.0,912.0,905.0,911.97,378.19987593,
2014-01-07 07:00:00,911.98,917.7,902.01,911.85,243.42402449,
2014-01-07 07:30:00,912.0,920.02,912.0,917.0,180.62734592,
2014-01-07 08:00:00,917.0,918.62,908.88,911.24,81.65459595,
2014-01-07 08:30:00,911.24,913.46,905.0,908.22,128.82371668,
2014-01-07 09:00:00,908.18,914.0,902.01,912.1,147.91251537,
2014-01-07 09:30:00,912.6,915.98,908.0,911.83,127.30530954,
2014-01-07 10:00:00,911.33,914.34,905.0,910.82,137.76011355,
2014-01-07 10:30:00,910.82,912.69,900.0,903.0,295.23491119,
2014-01-07 11:00:00,903.0,904.0,885.27,894.33,749.92797188,
2014-01-07 11:30:00,893.53,904.98,885.61,894.06,249.20920645,
2014-01-07 12:00:00,894.06,898.99,875.0,876.0,627.06999049,
2014-01-07 12:30:00,876.47,890.0,856.22,856.47,1492.04504284,
2014-01-07 13:00:00,858.0,894.0,817.72,894.0,3469.88665134,
2014-01-07 13:30:00,894.0,894.0,866.05,889.98,1229.08234468,
2014-01-07 14:00:00,885.7,893.0,870.0,887.48,939.67706759,
2014-01-07 14:30:00,887.48,887.49,860.04,873.5,1026.61888761,
2014-01-07 15:00:00,873.99,890.0,873.0,885.0,631.97802323,
2014-01-07 15:30:00,885.0,896.0,881.22,891.1,678.32080958,
2014-01-07 16:00:00,896.0,897.0,876.0,881.0,973.84824375,
2014-01-07 16:30:00,881.0,883.92,865.0,880.26,362.61401248,
2014-01-07 17:00:00,880.26,889.01,880.26,888.81,225.34437059,
2014-01-07 17:30:00,888.81,890.0,863.02,867.29,734.76508722,
2014-01-07 18:00:00,867.29,871.74,843.0,852.11,1098.02646457,
2014-01-07 18:30:00,852.11,862.43,843.0,847.03,971.56340752,
2014-01-07 19:00:00,847.03,853.55,824.0,835.0,1858.91465076,
2014-01-07 19:30:00,835.33,850.0,833.33,844.61,1351.63077685,
2014-01-07 20:00:00,843.8,864.98,840.38,858.3,947.23427693,
2014-01-07 20:30:00,858.79,858.79,835.41,839.0,991.79376355,
2014-01-07 21:00:00,839.0,847.0,825.0,828.84,1004.19195787,
2014-01-07 21:30:00,827.84,830.0,810.02,823.0,1563.93302627,
2014-01-07 22:00:00,816.14,822.99,790.85,816.0,2838.16140288,
2014-01-07 22:30:00,816.0,831.0,802.0,806.0,1046.32176277,
2014-01-07 23:00:00,806.0,824.88,801.12,824.0,1261.09467454,
2014-01-07 23:30:00,824.87,824.88,785.0,785.01,1034.6449932,
2014-01-08 00:00:00,785.0,790.0,768.0,770.9,2044.71043747,
2014-01-08 00:30:00,768.0,798.66,766.25,794.89,1331.15986999,
2014-01-08 01:00:00,798.65,808.02,765.0,780.86,1119.22432742,
2014-01-08 01:30:00,783.94,820.0,780.15,810.93,695.76854791,
2014-01-08 02:00:00,812.2,842.98,804.03,841.02,714.30572053,
2014-01-08 02:30:00,836.81,836.81,806.77,823.18,741.87803799,
2014-01-08 03:00:00,823.18,827.42,818.5,822.0,353.96190029,
2014-01-08 03:30:00,820.01,834.0,820.01,828.0,136.88813588,
2014-01-08 04:00:00,827.0,828.0,815.0,825.0,277.46656082,
2014-01-08 04:30:00,824.68,829.0,804.67,807.51,389.37050624,
2014-01-08 05:00:00,807.51,812.0,793.06,802.29,437.33786325,
2014-01-08 05:30:00,802.29,815.0,797.0,812.22,279.58036478,
2014-01-08 06:00:00,812.22,813.18,805.0,809.22,452.17270854,
2014-01-08 06:30:00,807.76,813.98,790.39,790.51,423.43897358,
2014-01-08 07:00:00,790.51,799.0,787.26,791.4,480.21735352,
2014-01-08 07:30:00,797.46,811.99,792.0,807.0,320.41789623,
2014-01-08 08:00:00,807.11,810.99,798.92,810.0,380.07185462,
2014-01-08 08:30:00,805.0,820.0,805.0,820.0,1259.28416696,
2014-01-08 09:00:00,820.0,839.99,819.99,829.3,1847.93092979,
2014-01-08 09:30:00,828.01,829.99,823.0,827.0,345.09646811,
2014-01-08 10:00:00,827.0,847.0,826.0,840.0,862.7285766,
2014-01-08 10:30:00,838.99,846.8,833.0,837.0,679.90231674,
2014-01-08 11:00:00,837.0,849.79,833.0,843.01,376.96127079,
2014-01-08 11:30:00,845.0,845.99,833.0,838.99,201.72985922,
2014-01-08 12:00:00,838.99,844.46,831.02,834.96,170.52439183,
2014-01-08 12:30:00,834.96,836.21,819.54,819.54,625.59392651,
2014-01-08 13:00:00,819.54,829.88,815.6,826.55,529.98466067,
2014-01-08 13:30:00,826.55,829.0,824.59,828.87,119.71050245,
2014-01-08 14:00:00,828.0,828.0,800.15,815.0,1035.91603025,
2014-01-08 14:30:00,814.63,819.97,813.5,816.99,106.62271931,
2014-01-08 15:00:00,816.99,816.99,780.0,798.01,1275.33793553,
2014-01-08 15:30:00,798.0,807.0,780.0,795.0,565.83732236,
2014-01-08 16:00:00,792.86,807.6,791.56,804.73,422.047575,
2014-01-08 16:30:00,804.73,807.0,793.0,804.88,867.13690363,
2014-01-08 17:00:00,804.88,816.0,798.0,813.5,797.24174015,
2014-01-08 17:30:00,813.5,818.97,810.0,818.08,387.21012469,
2014-01-08 18:00:00,818.0,832.49,818.0,829.49,670.41457304,
2014-01-08 18:30:00,827.0,828.99,819.54,819.54,204.28447867,
2014-01-08 19:00:00,819.2,819.69,800.0,804.02,578.00102834,
2014-01-08 19:30:00,804.02,811.25,804.02,809.51,208.55218062,
2014-01-08 20:00:00,809.51,820.0,807.03,819.0,392.70687049,
2014-01-08 20:30:00,819.92,820.0,810.02,812.61,388.20528537,
2014-01-08 21:00:00,812.61,818.0,807.01,813.98,92.25267821,
2014-01-08 21:30:00,813.98,818.75,813.98,817.0,83.55166201,
2014-01-08 22:00:00,818.4,820.0,815.0,817.5,132.38230222,
2014-01-08 22:30:00,819.93,820.0,813.0,813.0,201.40023708,
2014-01-08 23:00:00,813.0,824.26,810.18,816.72,200.17677276,
2014-01-08 23:30:00,820.0,823.95,818.0,823.45,109.06198102,
2014-01-09 00:00:00,823.94,840.0,823.94,826.14,710.51332413,
2014-01-09 00:30:00,826.14,829.0,822.65,829.0,210.54981381,
2014-01-09 01:00:00,824.01,834.02,824.01,829.89,279.56404613,
2014-01-09 01:30:00,829.89,829.89,817.98,818.98,410.56394235,
2014-01-09 02:00:00,819.0,820.0,813.1,819.97,371.492516,
2014-01-09 02:30:00,819.99,819.99,815.0,819.69,268.11564478,
2014-01-09 03:00:00,819.7,819.99,817.03,819.99,68.84082727,
2014-01-09 03:30:00,819.99,819.99,817.3,819.7,44.16584396,
2014-01-09 04:00:00,819.7,819.99,816.71,819.99,59.59994009,
2014-01-09 04:30:00,819.99,829.99,817.0,828.91,426.98594494,
2014-01-09 05:00:00,828.91,830.1,824.11,830.0,141.31757619,
2014-01-09 05:30:00,830.1,834.02,825.0,830.57,157.20089721,
2014-01-09 06:00:00,827.62,833.22,826.42,830.23,330.37948863,
2014-01-09 06:30:00,831.71,840.0,831.71,839.19,462.35542137,
2014-01-09 07:00:00,838.0,842.0,834.89,835.0,333.1107792,
2014-01-09 07:30:00,834.76,837.81,825.08,837.81,364.86163297,
2014-01-09 08:00:00,837.9,845.77,837.76,843.0,250.05820729,
2014-01-09 08:30:00,843.0,843.97,839.0,842.72,108.17964572,
2014-01-09 09:00:00,843.8,848.0,838.02,841.48,332.67754315,
2014-01-09 09:30:00,840.05,845.0,830.0,834.65,267.36961839,
2014-01-09 10:00:00,834.65,839.0,830.79,830.9,164.3631949,
2014-01-09 10:30:00,830.9,833.0,825.07,832.02,386.97689882,
2014-01-09 11:00:00,832.0,833.9,800.0,815.2,1481.56859232,
2014-01-09 11:30:00,815.2,817.0,810.0,817.0,204.61589188,
2014-01-09 12:00:00,817.02,825.0,815.0,822.0,163.27641983,
2014-01-09 12:30:00,818.7,825.0,817.17,818.0,131.26102415,
2014-01-09 13:00:00,818.0,823.97,806.5,814.0,253.8521124,
2014-01-09 13:30:00,814.0,814.01,781.0,788.89,1196.30116135,
2014-01-09 14:00:00,795.0,806.08,780.84,795.0,1166.52946822,
2014-01-09 14:30:00,795.0,804.99,791.0,800.28,846.86392518,
2014-01-09 15:00:00,800.28,804.99,791.0,797.85,672.73542743,
2014-01-09 15:30:00,797.85,807.05,797.85,807.0,187.29540254,
2014-01-09 16:00:00,806.46,820.06,805.99,813.44,505.50567982,
2014-01-09 16:30:00,814.5,819.99,808.0,809.49,452.15207336,
2014-01-09 17:00:00,810.99,813.72,805.0,811.0,413.2112476,
2014-01-09 17:30:00,812.0,814.1,810.0,812.0,104.56036433,
2014-01-09 18:00:00,811.43,812.0,791.5,797.87,490.77039435,
2014-01-09 18:30:00,801.0,802.17,779.78,782.81,2192.09605087,
2014-01-09 19:00:00,782.81,808.85,782.0,807.6,1114.11398066,
2014-01-09 19:30:00,807.81,819.0,786.01,817.0,910.32747659,
2014-01-09 20:00:00,817.0,830.0,814.75,829.0,2084.37875561,
2014-01-09 20:30:00,829.0,831.0,815.01,815.21,737.29785218,
2014-01-09 21:00:00,817.7,829.0,815.0,827.02,558.27972896,
2014-01-09 21:30:00,828.0,837.35,825.0,837.09,877.00566269,
2014-01-09 22:00:00,837.38,841.0,832.11,838.0,1023.30078416,
2014-01-09 22:30:00,836.01,838.3,826.85,834.0,249.09417201,
2014-01-09 23:00:00,834.99,843.89,833.1,835.02,522.22516113,
2014-01-09 23:30:00,835.02,839.38,824.76,824.76,614.38264468,
2014-01-10 00:00:00,825.5,830.78,817.06,825.66,327.41264893,
2014-01-10 00:30:00,825.66,835.0,821.0,822.4,185.84229008,
2014-01-10 01:00:00,824.33,828.0,799.41,816.76,1839.70921295,
2014-01-10 01:30:00,816.77,819.2,804.98,817.0,162.89626529,
2014-01-10 02:00:00,817.0,817.0,806.01,813.99,134.43959414,
2014-01-10 02:30:00,813.97,817.41,809.0,814.0,60.14876911,
2014-01-10 03:00:00,812.6,818.0,812.6,818.0,73.73348293,
2014-01-10 03:30:00,817.44,818.9,813.0,815.0,70.94253092,
2014-01-10 04:00:00,814.29,823.33,813.0,815.53,70.25491314,
2014-01-10 04:30:00,815.26,815.53,810.2,811.7,44.75725537,
2014-01-10 05:00:00,811.7,812.55,800.1,806.68,214.6230411,
2014-01-10 05:30:00,806.92,814.94,804.13,812.3,86.82599783,
2014-01-10 06:00:00,812.3,814.88,810.48,813.03,67.72014207,
2014-01-10 06:30:00,813.33,814.5,812.1,813.86,24.70774004,
2014-01-10 07:00:00,813.99,814.44,807.49,812.23,153.06839614,
2014-01-10 07:30:00,814.4,815.53,809.93,815.53,102.21942156,
2014-01-10 08:00:00,813.56,825.0,813.56,824.0,220.99319305,
2014-01-10 08:30:00,824.0,824.0,817.0,819.11,119.09816606,
2014-01-10 09:00:00,819.11,828.28,817.1,823.06,177.92513697,
2014-01-10 09:30:00,823.0,828.0,821.0,826.14,126.34536732,
2014-01-10 10:00:00,826.2,826.88,816.0,816.42,132.4900034,
2014-01-10 10:30:00,818.56,819.99,815.88,819.91,101.68011651,
2014-01-10 11:00:00,820.03,823.45,818.21,821.7,112.5814463,
2014-01-10 11:30:00,823.44,823.44,817.0,820.0,100.95698269,
2014-01-10 12:00:00,820.0,822.41,815.88,817.95,51.63853433,
2014-01-10 12:30:00,818.7,824.49,818.7,824.49,77.21324222,
2014-01-10 13:00:00,823.8,826.76,821.24,822.71,188.99721726,
2014-01-10 13:30:00,820.97,821.24,816.87,818.58,122.51366886,
2014-01-10 14:00:00,818.58,818.81,814.52,816.33,237.78411009,
2014-01-10 14:30:00,816.58,827.08,816.08,827.0,195.25703986,
2014-01-10 15:00:00,827.08,828.28,819.54,824.55,218.05920774,
2014-01-10 15:30:00,825.79,827.5,823.76,824.54,31.60080734,
2014-01-10 16:00:00,825.05,828.28,820.51,823.7,133.06798663,
2014-01-10 16:30:00,823.7,827.44,821.59,826.45,205.13019175,
2014-01-10 17:00:00,826.45,828.99,825.2,827.71,310.41774516,
2014-01-10 17:30:00,827.71,834.26,827.0,834.26,462.02255071,
2014-01-10 18:00:00,834.26,835.0,826.0,833.88,382.64182066,
2014-01-10 18:30:00,834.25,834.25,827.86,833.87,319.54122811,
2014-01-10 19:00:00,833.85,834.0,829.62,834.0,147.15055019,
2014-01-10 19:30:00,833.25,836.76,832.75,833.0,138.96578417,
2014-01-10 20:00:00,833.0,834.67,829.01,830.0,116.37902445,
2014-01-10 20:30:00,829.52,834.4,825.1,833.84,385.43045482,
2014-01-10 21:00:00,833.84,834.15,828.16,833.94,256.1186314,
2014-01-10 21:30:00,833.94,839.49,833.94,839.49,195.42159387,
2014-01-10 22:00:00,839.49,848.1,839.45,846.01,1290.02981544,
2014-01-10 22:30:00,847.28,861.4,842.01,848.77,1864.24618378,
2014-01-10 23:00:00,848.77,853.0,844.27,850.06,519.87261117,
2014-01-10 23:30:00,850.06,859.26,850.0,852.61,285.28840615,
2014-01-11 00:00:00,851.63,857.0,850.01,850.1,295.98317997,
2014-01-11 00:30:00,850.1,859.27,849.51,854.33,148.24227043,
2014-01-11 01:00:00,855.35,868.99,855.28,867.0,692.02192414,
2014-01-11 01:30:00,867.0,874.9,863.05,874.36,517.11557659,
2014-01-11 02:00:00,874.36,878.8,870.01,872.75,422.5839804,
2014-01-11 02:30:00,872.76,878.0,864.15,870.96,402.56543706,
2014-01-11 03:00:00,868.38,871.24,858.35,870.0,295.86715859,
2014-01-11 03:30:00,870.0,871.1,865.5,867.05,84.7262617,
2014-01-11 04:00:00,867.05,868.38,863.0,864.45,54.32161243,
2014-01-11 04:30:00,864.45,870.96,860.4,868.84,150.228894,
2014-01-11 05:00:00,869.03,871.9,861.78,862.2,147.67501366,
2014-01-11 05:30:00,861.78,868.55,856.5,858.82,341.37496679,
2014-01-11 06:00:00,859.57,862.72,854.79,855.0,201.95662742,
2014-01-11 06:30:00,855.69,858.46,851.1,854.0,136.94775503,
2014-01-11 07:00:00,855.99,867.78,852.65,853.0,115.58765173,
2014-01-11 07:30:00,853.0,866.58,852.75,860.81,45.27867256,
2014-01-11 08:00:00,860.81,870.0,860.81,867.32,267.16580288,
2014-01-11 08:30:00,866.5,869.96,860.02,867.31,192.96866013,
2014-01-11 09:00:00,869.95,871.72,865.76,869.99,236.15903701,
2014-01-11 09:30:00,867.63,870.1,861.55,863.7,150.05395092,
2014-01-11 10:00:00,863.64,872.35,863.64,872.35,139.31479206,
2014-01-11 10:30:00,872.36,888.0,872.08,888.0,576.39255588,
2014-01-11 11:00:00,887.4,900.03,878.77,898.55,2001.65764949,
2014-01-11 11:30:00,899.15,909.96,891.0,901.0,976.3373502,
2014-01-11 12:00:00,901.5,903.02,887.8,892.44,403.26508149,
2014-01-11 12:30:00,890.01,899.0,888.32,889.9,233.87963152,
2014-01-11 13:00:00,889.9,897.99,889.0,896.37,99.64115676,
2014-01-11 13:30:00,897.41,897.41,887.81,888.0,349.61808341,
2014-01-11 14:00:00,889.0,893.46,879.75,889.8,531.03058727,
2014-01-11 14:30:00,892.5,895.0,883.13,886.0,231.96175896,
2014-01-11 15:00:00,889.3,895.16,884.0,894.33,367.83571138,
2014-01-11 15:30:00,894.33,894.5,892.8,892.99,51.4569969,
2014-01-11 16:00:00,893.0,904.98,893.0,898.23,789.61210689,
2014-01-11 16:30:00,898.23,907.0,898.0,906.1,673.61974264,
2014-01-11 17:00:00,907.11,907.7,887.67,887.7,336.03074125,
2014-01-11 17:30:00,889.63,896.68,883.0,890.51,380.98897486,
2014-01-11 18:00:00,890.51,895.69,883.55,888.88,458.38329949,
2014-01-11 18:30:00,888.88,889.5,877.77,882.43,346.28463719,
2014-01-11 19:00:00,884.42,885.99,881.0,884.7,114.02015414,
2014-01-11 19:30:00,884.86,889.99,875.0,885.9,620.71724231,
2014-01-11 20:00:00,885.9,886.99,875.0,878.62,149.18589309,
2014-01-11 20:30:00,879.62,887.0,876.15,884.45,145.05583853,
2014-01-11 21:00:00,884.5,884.78,879.0,884.78,77.10552865,
2014-01-11 21:30:00,885.0,892.97,884.53,888.95,208.43975465,
2014-01-11 22:00:00,888.99,889.08,886.0,886.0,85.47218423,
2014-01-11 22:30:00,886.0,888.93,886.0,888.4,78.68727666,
2014-01-11 23:00:00,888.4,892.95,879.45,886.24,560.03662507,
2014-01-11 23:30:00,887.44,896.59,885.1,896.55,246.06072455,
2014-01-12 00:00:00,895.0,905.0,893.0,900.0,431.88235157,
2014-01-12 00:30:00,900.0,902.7,890.0,898.8,272.17371927,
2014-01-12 01:00:00,898.69,899.99,895.0,898.46,63.12701229,
2014-01-12 01:30:00,898.46,898.46,887.63,895.39,264.17975278,
2014-01-12 02:00:00,894.54,899.94,880.49,884.39,175.29244603,
2014-01-12 02:30:00,883.12,892.99,880.5,889.55,171.73164715,
2014-01-12 03:00:00,888.37,889.7,881.03,884.36,50.31715251,
2014-01-12 03:30:00,884.41,888.0,883.0,883.0,37.99047923,
2014-01-12 04:00:00,883.1,883.95,878.0,882.7,188.79123174,
2014-01-12 04:30:00,881.95,884.19,878.0,883.86,84.38623207,
2014-01-12 05:00:00,882.0,887.67,875.11,884.16,137.65885406,
2014-01-12 05:30:00,884.16,887.79,877.8,882.0,17.99025168,
2014-01-12 06:00:00,882.0,884.15,877.0,879.38,23.16181006,
2014-01-12 06:30:00,879.38,884.09,870.06,871.96,278.46783485,
2014-01-12 07:00:00,872.16,876.26,865.67,876.26,324.39937263,
2014-01-12 07:30:00,872.95,877.0,869.0,875.0,87.71843468,
2014-01-12 08:00:00,875.95,878.75,870.43,871.0,122.80660896,
2014-01-12 08:30:00,870.75,878.01,869.0,878.01,141.41550668,
2014-01-12 09:00:00,878.66,880.0,878.0,879.7,112.26611218,
2014-01-12 09:30:00,879.7,880.0,866.1,869.75,75.85573305,
2014-01-12 10:00:00,870.0,870.0,861.01,863.8,449.99772728,
2014-01-12 10:30:00,864.29,873.33,862.2,863.0,236.3300591,
2014-01-12 11:00:00,862.22,866.89,851.26,852.5,514.25935348,
2014-01-12 11:30:00,852.01,859.39,840.02,852.01,687.20526111,
2014-01-12 12:00:00,853.29,858.98,842.33,845.2,282.51595611,
2014-01-12 12:30:00,845.0,848.63,826.46,833.22,720.99285341,
2014-01-12 13:00:00,834.98,837.98,826.46,830.0,575.53877572,
2014-01-12 13:30:00,834.0,845.0,831.1,837.0,510.55717285,
2014-01-12 14:00:00,833.5,859.5,833.5,846.01,872.07591131,
2014-01-12 14:30:00,848.8,854.0,835.0,854.0,358.23401008,
2014-01-12 15:00:00,850.0,857.47,841.07,853.97,340.47238151,
2014-01-12 15:30:00,852.25,864.99,851.0,862.1,392.20637835,
2014-01-12 16:00:00,864.67,864.93,852.28,859.92,122.32583121,
2014-01-12 16:30:00,859.92,866.9,857.76,864.96,253.58497294,
2014-01-12 17:00:00,862.22,868.01,858.0,860.0,322.04210516,
2014-01-12 17:30:00,860.0,860.0,850.7,850.71,151.47203085,
2014-01-12 18:00:00,850.71,853.78,841.71,849.41,339.64872431,
2014-01-12 18:30:00,849.79,859.0,849.41,858.97,82.67374579,
2014-01-12 19:00:00,858.97,864.0,856.06,856.76,249.82268869,
2014-01-12 19:30:00,857.0,859.63,855.01,856.7,80.76785922,
2014-01-12 20:00:00,856.95,859.62,848.0,859.43,311.30681035,
2014-01-12 20:30:00,850.7,858.31,849.0,855.0,86.62949683,
2014-01-12 21:00:00,855.0,858.31,850.73,856.99,161.2086436,
2014-01-12 21:30:00,856.99,858.19,852.12,853.0,134.6212626,
2014-01-12 22:00:00,852.12,853.0,842.95,846.04,504.84562008,
2014-01-12 22:30:00,846.04,848.85,841.52,846.76,206.56804479,
2014-01-12 23:00:00,847.51,850.0,846.0,848.98,36.86479557,
2014-01-12 23:30:00,848.98,848.98,841.53,844.05,142.79446321,
2014-01-13 00:00:00,844.04,844.05,823.0,823.73,821.38855275,
2014-01-13 00:30:00,823.73,834.85,823.0,829.43,443.01284761,
2014-01-13 01:00:00,829.43,842.47,829.42,839.91,335.49786038,
2014-01-13 01:30:00,839.91,842.21,835.5,836.61,95.35992829,
2014-01-13 02:00:00,836.0,843.49,826.0,833.0,249.26904054,
2014-01-13 02:30:00,833.17,843.0,830.99,838.8,167.64346994,
2014-01-13 03:00:00,838.8,842.98,834.62,835.79,119.36615549,
2014-01-13 03:30:00,835.79,843.6,835.79,842.25,78.59456499,
2014-01-13 04:00:00,842.0,842.25,827.69,835.0,257.53746685,
2014-01-13 04:30:00,832.13,837.43,830.0,834.87,27.09151446,
2014-01-13 05:00:00,833.1,834.99,825.0,825.0,142.58515883,
2014-01-13 05:30:00,825.01,831.99,815.0,815.0,673.68717432,
2014-01-13 06:00:00,814.93,834.89,811.07,818.0,731.91407817,
2014-01-13 06:30:00,818.0,824.9,814.0,819.0,155.91404163,
2014-01-13 07:00:00,821.0,823.0,816.25,820.0,152.41872014,
2014-01-13 07:30:00,820.0,824.75,816.6,816.6,278.20542617,
2014-01-13 08:00:00,816.5,819.78,810.0,815.0,632.78721857,
2014-01-13 08:30:00,815.0,824.65,814.16,821.0,273.4506982,
2014-01-13 09:00:00,821.0,828.28,821.0,822.87,464.37356271,
2014-01-13 09:30:00,822.78,822.87,810.11,819.0,246.87396139,
2014-01-13 10:00:00,819.0,820.0,818.25,818.25,54.51914431,
2014-01-13 10:30:00,818.5,818.5,810.0,817.37,234.95576709,
2014-01-13 11:00:00,817.04,817.49,815.0,815.7,146.64444577,
2014-01-13 11:30:00,815.29,815.29,810.03,813.24,212.56741698,
2014-01-13 12:00:00,813.24,818.18,810.47,817.6,180.62995652,
2014-01-13 12:30:00,817.85,819.66,807.8,816.0,398.71743534,
2014-01-13 13:00:00,813.19,813.19,783.11,783.99,1738.23349497,
2014-01-13 13:30:00,784.01,805.0,783.99,795.0,912.07512516,
2014-01-13 14:00:00,795.0,802.24,786.0,800.17,742.59645152,
2014-01-13 14:30:00,800.0,805.0,796.17,804.99,366.69444985,
2014-01-13 15:00:00,804.99,810.0,801.97,807.75,606.22798332,
2014-01-13 15:30:00,807.75,823.89,802.0,814.9,995.44262653,
2014-01-13 16:00:00,816.0,819.9,802.1,802.75,556.1791647,
2014-01-13 16:30:00,802.11,810.36,800.01,805.98,218.80435442,
2014-01-13 17:00:00,805.98,810.44,799.25,802.12,267.20570766,
2014-01-13 17:30:00,801.0,813.11,801.0,806.0,411.94368937,
2014-01-13 18:00:00,806.01,812.99,804.28,812.03,321.73970665,
2014-01-13 18:30:00,812.9,814.95,805.95,812.89,420.79463213,
2014-01-13 19:00:00,812.89,813.0,807.94,812.7,184.86760906,
2014-01-13 19:30:00,812.7,812.7,804.01,804.04,183.09077583,
2014-01-13 20:00:00,804.04,812.16,804.04,811.99,214.85708976,
2014-01-13 20:30:00,811.99,814.99,808.75,814.0,199.42719792,
2014-01-13 21:00:00,814.0,819.88,811.83,815.0,510.77854147,
2014-01-13 21:30:00,815.0,824.0,814.95,814.96,1569.14488831,
2014-01-13 22:00:00,814.96,823.4,814.3,820.1,131.96091058,
2014-01-13 22:30:00,820.19,832.77,820.1,827.9,786.15179185,
2014-01-13 23:00:00,828.98,832.0,823.88,825.47,202.15817639,
2014-01-13 23:30:00,827.0,828.99,817.29,823.0,251.01161828,
2014-01-14 00:00:00,824.0,827.68,819.01,819.01,160.09386056,
2014-01-14 00:30:00,822.29,827.89,812.0,817.65,358.25834506,
2014-01-14 01:00:00,817.42,823.22,815.8,823.0,86.89079985,
2014-01-14 01:30:00,823.0,823.22,819.05,821.0,25.47404975,
2014-01-14 02:00:00,820.99,823.2,816.91,820.71,76.30586662,
2014-01-14 02:30:00,820.74,823.2,819.51,823.2,41.05932846,
2014-01-14 03:00:00,823.2,828.0,819.48,823.15,177.07324926,
2014-01-14 03:30:00,824.4,827.75,823.16,827.11,140.05402932,
2014-01-14 04:00:00,827.74,828.4,819.22,824.62,417.21921773,
2014-01-14 04:30:00,825.86,830.0,824.83,828.41,356.54227564,
2014-01-14 05:00:00,828.78,833.98,828.78,833.62,194.04219875,
2014-01-14 05:30:00,833.62,833.97,828.78,833.97,143.00378866,
2014-01-14 06:00:00,833.97,834.99,827.21,829.25,336.52851272,
2014-01-14 06:30:00,830.0,833.25,820.0,826.34,328.92502359,
2014-01-14 07:00:00,825.76,829.47,824.3,828.0,108.26719135,
2014-01-14 07:30:00,827.75,834.99,824.0,831.47,239.53222783,
2014-01-14 08:00:00,831.47,837.0,826.18,836.99,396.84598659,
2014-01-14 08:30:00,836.99,836.99,830.0,832.95,27.72164734,
2014-01-14 09:00:00,833.2,833.2,828.91,829.0,72.54632532,
2014-01-14 09:30:00,830.21,830.21,825.01,826.5,95.69578484,
2014-01-14 10:00:00,826.6,828.56,820.31,822.37,208.5204758,
2014-01-14 10:30:00,822.37,824.0,815.31,823.09,216.42954711,
2014-01-14 11:00:00,823.09,826.28,822.0,824.0,106.47171382,
2014-01-14 11:30:00,824.0,825.1,818.2,821.0,200.80380334,
2014-01-14 12:00:00,821.0,821.0,813.0,813.33,335.77933018,
2014-01-14 12:30:00,815.22,818.69,804.55,810.0,294.651108,
2014-01-14 13:00:00,809.2,814.9,800.0,814.5,822.29092122,
2014-01-14 13:30:00,813.24,818.55,805.02,818.55,219.86897119,
2014-01-14 14:00:00,818.7,823.0,816.4,822.9,154.70934222,
2014-01-14 14:30:00,822.9,825.0,821.0,823.97,113.85450159,
2014-01-14 15:00:00,823.97,825.0,818.9,820.0,118.94921478,
2014-01-14 15:30:00,818.9,824.2,816.05,822.6,177.60089499,
2014-01-14 16:00:00,822.6,824.2,820.5,824.2,102.22064769,
2014-01-14 16:30:00,823.31,829.89,823.2,826.6,245.03616187,
2014-01-14 17:00:00,826.6,827.8,824.03,825.0,75.7820045,
2014-01-14 17:30:00,824.93,825.25,820.1,820.5,154.34587608,
2014-01-14 18:00:00,820.54,820.75,810.31,819.59,256.99406387,
2014-01-14 18:30:00,818.45,824.52,817.6,823.38,79.91393365,
2014-01-14 19:00:00,824.36,825.62,820.0,820.0,132.72000383,
2014-01-14 19:30:00,820.0,821.0,817.83,821.0,170.26947331,
2014-01-14 20:00:00,821.0,825.01,816.72,819.07,327.75975789,
2014-01-14 20:30:00,820.94,824.99,820.0,823.13,25.14652792,
2014-01-14 21:00:00,823.13,824.95,816.11,823.61,211.37054302,
2014-01-14 21:30:00,823.6,823.99,815.0,820.0,319.50778411,
2014-01-14 22:00:00,820.0,820.01,810.3,818.0,202.25006658,
2014-01-14 22:30:00,818.0,824.58,818.0,823.0,107.1781549,
2014-01-14 23:00:00,823.0,823.98,814.55,815.76,149.88812242,
2014-01-14 23:30:00,815.76,817.71,804.24,815.99,417.15125905,
2014-01-15 00:00:00,815.99,816.0,805.18,812.5,33.65681716,
2014-01-15 00:30:00,812.5,819.48,812.0,819.0,111.42155733,
2014-01-15 01:00:00,818.98,821.97,815.8,819.23,156.619902,
2014-01-15 01:30:00,819.71,821.99,812.41,816.83,87.32548836,
2014-01-15 02:00:00,816.83,820.69,815.26,819.99,46.30767694,
2014-01-15 02:30:00,818.0,822.0,817.05,819.0,76.57020728,
2014-01-15 03:00:00,819.0,820.0,812.02,818.72,111.23378667,
2014-01-15 03:30:00,818.72,821.0,813.0,819.5,116.24247192,
2014-01-15 04:00:00,819.09,824.0,817.01,824.0,215.20921933,
2014-01-15 04:30:00,824.0,826.28,822.08,826.28,237.75605345,
2014-01-15 05:00:00,826.41,833.0,825.0,830.2,472.88224807,
2014-01-15 05:30:00,833.32,834.01,829.83,833.66,120.03608804,
2014-01-15 06:00:00,833.66,840.0,833.15,838.0,1091.64062614,
2014-01-15 06:30:00,838.0,838.0,829.83,831.26,242.523441,
2014-01-15 07:00:00,831.26,835.07,830.12,832.34,104.77974137,
2014-01-15 07:30:00,832.34,835.07,825.8,832.51,168.67111441,
2014-01-15 08:00:00,833.51,837.2,833.51,835.86,201.65555935,
2014-01-15 08:30:00,835.86,835.86,833.0,835.49,87.66998753,
2014-01-15 09:00:00,834.1,836.49,834.0,834.11,167.2536011,
2014-01-15 09:30:00,835.0,836.81,834.1,834.15,192.57405948,
2014-01-15 10:00:00,836.06,845.0,836.06,845.0,590.63107307,
2014-01-15 10:30:00,844.89,849.53,834.01,836.1,908.08941097,
2014-01-15 11:00:00,837.0,843.69,835.0,837.62,224.31632754,
2014-01-15 11:30:00,836.2,841.38,833.75,835.32,297.31131621,
2014-01-15 12:00:00,835.32,841.38,835.32,838.01,111.32212322,
2014-01-15 12:30:00,840.0,841.38,833.11,834.82,130.70868462,
2014-01-15 13:00:00,834.37,834.37,822.05,830.13,507.3069622,
2014-01-15 13:30:00,830.13,835.0,828.99,833.38,128.25180824,
2014-01-15 14:00:00,833.59,841.0,830.11,836.82,286.25210639,
2014-01-15 14:30:00,836.82,841.6,835.0,841.39,353.2907878,
2014-01-15 15:00:00,841.39,845.0,830.36,844.78,365.79579143,
2014-01-15 15:30:00,838.32,850.26,838.32,842.0,1681.27917741,
2014-01-15 16:00:00,842.0,846.87,841.71,845.38,100.96216959,
2014-01-15 16:30:00,844.38,848.5,842.81,847.0,129.73872811,
2014-01-15 17:00:00,847.0,847.69,838.0,844.99,226.7264873,
2014-01-15 17:30:00,844.98,844.98,837.0,842.84,280.95945896,
2014-01-15 18:00:00,844.1,848.99,842.84,848.74,168.2705447,
2014-01-15 18:30:00,848.99,849.26,840.0,846.0,368.87323902,
2014-01-15 19:00:00,847.0,848.0,841.62,843.52,89.63653908,
2014-01-15 19:30:00,844.52,846.16,840.0,844.36,255.71989713,
2014-01-15 20:00:00,844.4,846.99,837.0,837.0,311.07195667,
2014-01-15 20:30:00,837.0,844.0,836.0,838.07,136.03506921,
2014-01-15 21:00:00,838.07,838.07,835.66,835.68,139.26452545,
2014-01-15 21:30:00,836.5,842.99,836.5,842.0,63.36879321,
2014-01-15 22:00:00,842.0,843.06,839.0,841.74,54.19406827,
2014-01-15 22:30:00,841.74,845.89,840.0,845.85,103.7754322,
2014-01-15 23:00:00,842.82,844.08,835.66,840.22,104.24359563,
2014-01-15 23:30:00,840.72,843.1,836.01,841.14,108.34877581,
2014-01-16 00:00:00,841.14,843.78,836.32,843.48,119.55527518,
2014-01-16 00:30:00,839.07,849.0,839.0,845.0,297.07412376,
2014-01-16 01:00:00,842.82,845.0,840.13,840.32,57.60741577,
2014-01-16 01:30:00,843.13,843.77,840.0,843.61,69.46589302,
2014-01-16 02:00:00,843.61,847.73,837.83,843.28,212.47478244,
2014-01-16 02:30:00,844.08,845.29,837.83,842.38,48.94500332,
2014-01-16 03:00:00,842.38,844.7,839.19,843.0,39.21724723,
2014-01-16 03:30:00,842.38,843.49,838.55,842.0,6.22958918,
2014-01-16 04:00:00,841.99,842.2,834.0,840.46,187.96272436,
2014-01-16 04:30:00,840.46,844.7,838.89,842.8,45.99660145,
2014-01-16 05:00:00,842.19,845.0,842.0,845.0,18.00733863,
2014-01-16 05:30:00,845.0,845.82,836.11,842.88,47.74576681,
2014-01-16 06:00:00,843.0,848.0,842.88,842.88,67.215043,
2014-01-16 06:30:00,846.0,848.0,841.03,846.5,24.31211738,
2014-01-16 07:00:00,845.7,847.0,841.13,845.2,20.78414163,
2014-01-16 07:30:00,845.2,846.8,843.09,844.72,29.14554234,
2014-01-16 08:00:00,844.95,848.0,840.0,842.7,252.06801139,
2014-01-16 08:30:00,840.58,844.99,840.0,843.3,24.80751023,
2014-01-16 09:00:00,843.26,843.26,840.03,843.25,55.70091739,
2014-01-16 09:30:00,843.25,843.25,839.0,843.2,101.2698718,
2014-01-16 10:00:00,843.0,843.26,838.03,841.02,66.05721683,
2014-01-16 10:30:00,841.02,841.02,837.0,838.1,48.82357522,
2014-01-16 11:00:00,839.06,842.38,831.43,839.32,128.7938581,
2014-01-16 11:30:00,839.29,839.32,829.99,837.13,310.36826079,
2014-01-16 12:00:00,837.0,837.9,829.04,829.04,149.87288119,
2014-01-16 12:30:00,830.0,833.2,822.57,825.0,550.00100771,
2014-01-16 13:00:00,825.0,831.89,817.12,831.07,767.20467548,
2014-01-16 13:30:00,831.0,831.99,825.0,825.25,136.45306611,
2014-01-16 14:00:00,826.4,831.89,825.0,830.0,263.4786862,
2014-01-16 14:30:00,831.04,831.99,824.02,829.5,193.81179325,
2014-01-16 15:00:00,829.01,833.63,825.01,833.0,213.47205749,
2014-01-16 15:30:00,833.0,834.9,826.11,829.36,239.83160236,
2014-01-16 16:00:00,829.37,834.29,827.0,828.7,159.47769551,
2014-01-16 16:30:00,828.95,829.44,825.1,826.74,68.20788845,
2014-01-16 17:00:00,826.73,827.19,823.61,826.38,131.97512229,
2014-01-16 17:30:00,824.5,830.35,820.05,827.45,305.52497921,
2014-01-16 18:00:00,828.93,831.99,820.0,826.99,337.65567917,
2014-01-16 18:30:00,826.88,829.78,821.35,826.11,204.06045658,
2014-01-16 19:00:00,826.11,827.0,820.0,826.04,222.80106314,
2014-01-16 19:30:00,826.08,827.0,821.0,823.29,267.17394494,
2014-01-16 20:00:00,823.29,825.0,815.0,818.0,552.13350131,
2014-01-16 20:30:00,820.0,824.39,815.0,823.19,236.98566907,
2014-01-16 21:00:00,823.3,823.3,818.07,822.8,66.18128571,
2014-01-16 21:30:00,823.02,823.22,814.21,822.9,239.44808167,
2014-01-16 22:00:00,822.9,823.22,817.1,818.99,94.15682956,
2014-01-16 22:30:00,819.32,819.32,815.0,818.61,69.11022194,
2014-01-16 23:00:00,817.88,819.53,815.0,815.4,145.35911298,
2014-01-16 23:30:00,815.4,817.99,810.01,814.4,321.44653492,
2014-01-17 00:00:00,814.4,819.99,810.0,812.55,609.06005733,
2014-01-17 00:30:00,811.0,819.97,807.0,818.0,527.22908411,
2014-01-17 01:00:00,818.0,819.53,814.01,818.58,88.94553393,
2014-01-17 01:30:00,818.33,819.49,812.0,819.0,71.98994533,
2014-01-17 02:00:00,817.17,819.49,812.0,816.11,196.09068237,
2014-01-17 02:30:00,814.0,819.0,807.0,812.77,136.80957251,
2014-01-17 03:00:00,810.58,815.0,808.0,814.25,67.29366365,
2014-01-17 03:30:00,814.0,815.0,810.0,813.6,61.60833412,
2014-01-17 04:00:00,811.23,813.7,802.57,802.61,382.80028292,
2014-01-17 04:30:00,802.61,809.38,800.0,804.82,858.52380653,
2014-01-17 05:00:00,800.0,809.87,800.0,807.5,176.15513208,
2014-01-17 05:30:00,805.64,809.97,799.0,800.0,267.31880306,
2014-01-17 06:00:00,800.0,808.0,798.02,807.98,309.42189514,
2014-01-17 06:30:00,808.0,811.16,802.14,811.16,357.19819919,
2014-01-17 07:00:00,811.16,817.9,810.0,810.8,100.88102458,
2014-01-17 07:30:00,811.01,821.0,811.01,814.0,199.99763777,
2014-01-17 08:00:00,813.52,818.96,810.02,812.22,105.23886984,
2014-01-17 08:30:00,818.43,819.52,800.0,814.23,380.53474328,
2014-01-17 09:00:00,814.23,818.0,809.08,815.74,166.71522096,
2014-01-17 09:30:00,815.93,815.95,809.08,813.79,156.39062435,
2014-01-17 10:00:00,813.79,813.98,809.0,811.0,73.94017434,
2014-01-17 10:30:00,811.0,811.0,802.35,806.19,119.74456383,
2014-01-17 11:00:00,806.19,806.19,793.0,801.22,739.11270057,
2014-01-17 11:30:00,801.22,807.93,799.0,806.0,209.74192075,
2014-01-17 12:00:00,807.5,807.93,800.0,804.0,308.29637413,
2014-01-17 12:30:00,804.0,804.0,799.0,803.0,176.65983152,
2014-01-17 13:00:00,803.0,804.0,800.51,803.5,28.73097556,
2014-01-17 13:30:00,803.5,803.5,791.9,799.87,768.48720296,
2014-01-17 14:00:00,798.69,798.69,785.0,794.1,629.46116862,
2014-01-17 14:30:00,794.0,801.97,785.0,798.0,435.2564856,
2014-01-17 15:00:00,798.0,798.88,781.0,784.0,782.91057561,
2014-01-17 15:30:00,784.49,799.0,784.0,796.94,799.25112871,
2014-01-17 16:00:00,792.64,799.95,788.0,796.44,518.87921672,
2014-01-17 16:30:00,796.46,796.46,782.01,790.0,284.57712225,
2014-01-17 17:00:00,791.7,799.28,790.0,793.21,231.5194315,
2014-01-17 17:30:00,794.21,797.99,790.69,792.19,134.57603334,
2014-01-17 18:00:00,791.0,795.0,790.56,792.0,143.63715522,
2014-01-17 18:30:00,792.0,792.0,776.64,786.11,1002.10371813,
2014-01-17 19:00:00,784.9,787.21,765.0,773.0,974.70598381,
2014-01-17 19:30:00,773.0,792.5,769.46,778.05,729.11158418,
2014-01-17 20:00:00,780.0,787.89,773.0,774.22,348.90936594,
2014-01-17 20:30:00,778.99,784.35,774.08,782.17,292.72688992,
2014-01-17 21:00:00,782.17,793.75,775.35,787.76,326.05174652,
2014-01-17 21:30:00,787.77,792.12,778.12,787.0,248.34292295,
2014-01-17 22:00:00,786.99,794.0,780.01,793.84,329.81996513,
2014-01-17 22:30:00,792.05,806.0,792.0,805.0,632.64199944,
2014-01-17 23:00:00,800.85,802.75,781.08,794.0,491.9319197,
2014-01-17 23:30:00,791.15,797.2,788.0,797.2,133.60826749,
2014-01-18 00:00:00,797.2,808.53,796.0,806.0,235.03913374,
2014-01-18 00:30:00,806.0,809.97,799.59,803.97,174.70228992,
2014-01-18 01:00:00,804.8,811.0,803.22,811.0,237.82615064,
2014-01-18 01:30:00,810.4,812.49,803.17,808.65,124.9180593,
2014-01-18 02:00:00,807.0,812.46,803.0,809.49,102.78705733,
2014-01-18 02:30:00,806.0,809.37,799.01,808.98,135.3404354,
2014-01-18 03:00:00,809.37,811.89,800.02,806.0,148.64362538,
2014-01-18 03:30:00,805.22,805.38,800.0,800.3,86.68688721,
2014-01-18 04:00:00,800.3,806.22,800.27,803.0,66.2722522,
2014-01-18 04:30:00,804.0,810.0,804.0,810.0,163.23797996,
2014-01-18 05:00:00,810.0,812.5,806.05,810.0,127.70243279,
2014-01-18 05:30:00,810.0,810.8,806.57,810.7,54.92110337,
2014-01-18 06:00:00,808.31,812.5,807.76,812.5,261.68858224,
2014-01-18 06:30:00,810.11,812.5,810.0,812.22,76.60909948,
2014-01-18 07:00:00,812.0,812.5,804.0,807.54,139.67308676,
2014-01-18 07:30:00,806.54,809.98,804.41,807.97,33.47892554,
2014-01-18 08:00:00,807.98,809.94,807.54,808.02,117.35866904,
2014-01-18 08:30:00,808.02,809.98,802.51,809.7,82.92708843,
2014-01-18 09:00:00,809.22,809.97,804.0,809.97,30.0678794,
2014-01-18 09:30:00,806.57,809.97,805.0,809.7,55.12120347,
2014-01-18 10:00:00,807.0,809.9,805.0,809.9,120.55188141,
2014-01-18 10:30:00,808.98,817.0,805.86,813.62,471.73369412,
2014-01-18 11:00:00,813.62,817.0,811.27,815.15,103.60937728,
2014-01-18 11:30:00,815.32,815.96,811.89,815.22,73.61926118,
2014-01-18 12:00:00,815.22,815.31,807.02,814.79,32.43813561,
2014-01-18 12:30:00,813.4,813.4,811.1,811.1,53.578532,
2014-01-18 13:00:00,811.1,812.87,807.9,807.9,39.86966532,
2014-01-18 13:30:00,812.5,813.0,810.17,812.67,24.2745954,
2014-01-18 14:00:00,812.67,816.0,812.67,816.0,188.43678026,
2014-01-18 14:30:00,815.9,817.12,809.04,814.97,179.48855737,
2014-01-18 15:00:00,814.97,814.97,807.0,811.7,41.28760892,
2014-01-18 15:30:00,809.0,811.7,799.0,799.3,360.34288013,
2014-01-18 16:00:00,799.3,808.31,799.0,803.89,103.35847736,
2014-01-18 16:30:00,805.69,807.92,796.16,806.99,218.99008403,
2014-01-18 17:00:00,801.53,807.94,798.51,801.89,124.21843678,
2014-01-18 17:30:00,800.58,805.0,800.0,801.89,76.21464764,
2014-01-18 18:00:00,804.99,808.0,800.0,807.95,96.95904042,
2014-01-18 18:30:00,802.41,808.62,800.11,804.38,90.01438081,
2014-01-18 19:00:00,807.6,811.87,801.65,806.7,114.92794139,
2014-01-18 19:30:00,807.7,814.98,805.01,805.13,121.13490761,
2014-01-18 20:00:00,807.57,809.8,804.9,807.61,68.72895611,
2014-01-18 20:30:00,808.0,808.0,803.53,807.0,24.59290734,
2014-01-18 21:00:00,807.55,808.0,803.1,803.69,27.80727186,
2014-01-18 21:30:00,803.5,808.21,803.13,807.06,50.86219986,
2014-01-18 22:00:00,808.21,808.33,803.24,807.61,6.50357888,
2014-01-18 22:30:00,808.33,809.21,804.39,805.62,17.43628076,
2014-01-18 23:00:00,808.84,811.56,804.62,807.54,138.51798176,
2014-01-18 23:30:00,810.0,811.83,806.2,810.0,62.34151764,
2014-01-19 00:00:00,811.83,814.99,808.86,812.9,150.3556468,
2014-01-19 00:30:00,813.0,813.41,805.0,809.0,116.52433689,
2014-01-19 01:00:00,809.0,815.0,806.0,809.26,90.20020354,
2014-01-19 01:30:00,809.26,810.47,806.15,809.77,36.25480866,
2014-01-19 02:00:00,810.22,814.9,797.0,807.21,342.88241134,
2014-01-19 02:30:00,806.89,807.3,805.45,806.0,31.01855553,
2014-01-19 03:00:00,806.0,806.99,798.04,799.96,163.57736033,
2014-01-19 03:30:00,799.94,804.99,795.0,802.73,213.82999257,
2014-01-19 04:00:00,802.73,802.99,797.96,798.53,33.12877432,
2014-01-19 04:30:00,797.81,800.0,795.15,799.07,50.66678942,
2014-01-19 05:00:00,799.08,800.0,791.01,798.0,162.8206622,
2014-01-19 05:30:00,798.0,803.0,794.5,799.0,34.3790742,
2014-01-19 06:00:00,799.0,800.0,796.0,799.99,13.88942039,
2014-01-19 06:30:00,799.99,799.99,795.0,799.36,10.07822982,
2014-01-19 07:00:00,799.99,800.0,796.54,800.0,25.130806,
2014-01-19 07:30:00,799.51,804.75,798.01,804.73,131.96514931,
2014-01-19 08:00:00,804.73,806.99,804.5,805.87,11.74143152,
2014-01-19 08:30:00,805.55,806.5,801.6,803.0,19.6583203,
2014-01-19 09:00:00,803.0,808.87,801.0,808.34,66.40040697,
2014-01-19 09:30:00,808.34,808.34,803.01,805.0,40.22894616,
2014-01-19 10:00:00,805.1,807.94,805.0,805.1,36.05546146,
2014-01-19 10:30:00,805.13,808.34,805.13,808.34,38.7439741,
2014-01-19 11:00:00,808.34,809.29,808.34,809.05,21.95090296,
2014-01-19 11:30:00,809.05,809.39,806.5,806.57,13.31946685,
2014-01-19 12:00:00,807.78,809.99,806.41,809.0,65.79134087,
2014-01-19 12:30:00,809.0,813.3,806.2,812.68,170.86598751,
2014-01-19 13:00:00,810.17,814.0,810.1,812.23,36.03434032,
2014-01-19 13:30:00,812.23,814.14,811.01,813.76,60.02462124,
2014-01-19 14:00:00,813.76,815.78,811.0,815.32,432.3398049,
2014-01-19 14:30:00,815.78,825.0,814.0,822.0,1284.81100599,
2014-01-19 15:00:00,822.0,830.0,817.71,828.0,637.48056994,
2014-01-19 15:30:00,825.02,840.0,825.02,832.0,815.7037738,
2014-01-19 16:00:00,832.0,835.0,822.26,828.4,417.04507506,
2014-01-19 16:30:00,829.64,832.2,825.0,828.0,218.23004438,
2014-01-19 17:00:00,827.99,830.45,822.5,829.97,627.40164086,
2014-01-19 17:30:00,830.0,834.99,826.52,834.98,326.80933425,
2014-01-19 18:00:00,833.0,834.98,828.0,830.17,121.45200585,
2014-01-19 18:30:00,830.24,830.24,820.09,824.99,237.62943263,
2014-01-19 19:00:00,824.99,826.55,824.47,824.75,64.21676035,
2014-01-19 19:30:00,824.99,826.99,823.0,825.24,30.15464599,
2014-01-19 20:00:00,823.71,830.9,823.71,826.03,156.85818478,
2014-01-19 20:30:00,826.03,831.13,824.0,830.59,22.88780092,
2014-01-19 21:00:00,830.59,830.59,825.6,827.6,29.08184244,
2014-01-19 21:30:00,827.6,827.6,825.0,827.24,14.12461242,
2014-01-19 22:00:00,827.09,827.74,827.09,827.15,10.2999512,
2014-01-19 22:30:00,827.05,830.0,826.01,829.98,89.8648989,
2014-01-19 23:00:00,829.98,838.77,828.74,838.77,325.73055374,
2014-01-19 23:30:00,838.78,842.07,830.7,842.07,368.36868504,
2014-01-20 00:00:00,841.5,844.89,833.0,833.0,399.95731642,
2014-01-20 00:30:00,833.0,839.89,826.01,832.5,204.25390002,
2014-01-20 01:00:00,835.0,836.02,830.05,831.5,34.0400841,
2014-01-20 01:30:00,831.5,838.74,830.05,835.91,59.66719898,
2014-01-20 02:00:00,836.95,840.2,835.29,837.1,70.42695382,
2014-01-20 02:30:00,837.0,845.0,835.5,840.41,274.95602271,
2014-01-20 03:00:00,840.99,845.0,840.99,841.01,154.20044632,
2014-01-20 03:30:00,841.68,844.99,840.99,841.1,45.83192366,
2014-01-20 04:00:00,841.11,845.0,827.0,834.86,367.01728005,
2014-01-20 04:30:00,834.86,841.38,832.15,839.38,155.73815584,
2014-01-20 05:00:00,838.38,841.0,832.65,836.05,12.13595765,
2014-01-20 05:30:00,837.0,839.06,832.01,839.0,46.56882614,
2014-01-20 06:00:00,839.06,840.0,832.22,839.9,63.00783864,
2014-01-20 06:30:00,839.9,840.0,832.02,837.89,121.13815175,
2014-01-20 07:00:00,837.9,839.0,834.17,836.68,47.77113109,
2014-01-20 07:30:00,838.91,839.94,835.51,837.45,17.02248486,
2014-01-20 08:00:00,837.5,837.5,835.5,835.6,37.27989177,
2014-01-20 08:30:00,836.0,837.75,835.42,837.7,126.77134021,
2014-01-20 09:00:00,837.2,839.74,834.1,834.41,72.6183201,
2014-01-20 09:30:00,834.41,835.05,832.25,833.57,56.78243862,
2014-01-20 10:00:00,835.05,837.32,832.0,834.16,55.15836706,
2014-01-20 10:30:00,834.16,834.16,831.51,834.0,58.75182844,
2014-01-20 11:00:00,833.98,834.41,833.98,834.41,79.12048325,
2014-01-20 11:30:00,834.41,835.25,834.0,835.0,39.85938528,
2014-01-20 12:00:00,835.0,835.0,831.6,833.95,63.39056724,
2014-01-20 12:30:00,833.93,833.94,820.02,822.0,481.00919351,
2014-01-20 13:00:00,822.0,834.7,821.02,830.4,442.31266592,
2014-01-20 13:30:00,830.0,830.3,822.0,825.7,114.03515977,
2014-01-20 14:00:00,825.73,829.94,821.49,826.26,110.61505979,
2014-01-20 14:30:00,826.26,827.46,815.0,821.56,420.72535034,
2014-01-20 15:00:00,821.55,822.79,815.0,817.89,161.57533495,
2014-01-20 15:30:00,817.98,821.97,815.29,821.32,104.71444285,
2014-01-20 16:00:00,821.81,826.74,820.0,826.74,172.14043114,
2014-01-20 16:30:00,826.76,828.96,825.0,828.8,201.43268839,
2014-01-20 17:00:00,828.79,828.89,826.22,828.85,82.08318484,
2014-01-20 17:30:00,828.89,831.85,827.6,831.85,164.82242383,
2014-01-20 18:00:00,831.85,831.85,827.6,828.2,90.74524477,
2014-01-20 18:30:00,828.2,830.0,826.74,829.21,35.10465689,
2014-01-20 19:00:00,829.21,831.83,827.5,829.23,102.44429944,
2014-01-20 19:30:00,829.23,830.5,825.35,829.5,56.11160752,
2014-01-20 20:00:00,829.5,830.0,825.3,829.0,187.50077086,
2014-01-20 20:30:00,829.0,832.98,825.42,832.98,283.32468085,
2014-01-20 21:00:00,832.98,837.16,826.0,831.08,397.68894108,
2014-01-20 21:30:00,831.08,834.99,825.2,831.61,191.59385457,
2014-01-20 22:00:00,831.86,833.65,828.0,833.02,97.10082742,
2014-01-20 22:30:00,833.45,834.6,830.69,831.01,75.88407373,
2014-01-20 23:00:00,832.26,834.55,827.97,829.9,232.87067194,
2014-01-20 23:30:00,829.9,829.99,825.23,826.02,98.85484635,
2014-01-21 00:00:00,826.02,829.35,820.0,829.3,367.34047564,
2014-01-21 00:30:00,827.5,829.8,824.0,827.38,64.38713238,
2014-01-21 01:00:00,827.38,830.66,825.0,830.66,152.54460074,
2014-01-21 01:30:00,830.66,833.5,828.07,833.5,79.23551119,
2014-01-21 02:00:00,833.5,834.5,824.5,827.18,190.38047733,
2014-01-21 02:30:00,827.18,829.58,820.0,829.58,266.37909018,
2014-01-21 03:00:00,829.58,829.58,824.04,826.02,57.18559069,
2014-01-21 03:30:00,826.97,827.22,820.77,827.0,170.3109001,
2014-01-21 04:00:00,826.75,827.72,820.09,822.56,111.9587815,
2014-01-21 04:30:00,822.3,826.97,821.14,826.97,84.69301369,
2014-01-21 05:00:00,826.97,826.97,823.5,824.0,71.13296696,
2014-01-21 05:30:00,824.0,826.97,821.75,821.75,107.12212037,
2014-01-21 06:00:00,821.75,827.88,820.87,824.01,156.04591707,
2014-01-21 06:30:00,824.01,824.01,819.2,823.21,208.9018869,
2014-01-21 07:00:00,823.21,823.21,818.88,822.54,103.11786399,
2014-01-21 07:30:00,822.61,822.96,819.44,820.0,56.17601469,
2014-01-21 08:00:00,819.44,822.21,818.19,818.92,155.5302768,
2014-01-21 08:30:00,818.92,823.2,817.42,819.51,300.58242992,
2014-01-21 09:00:00,819.48,821.98,817.42,820.6,47.38300722,
2014-01-21 09:30:00,820.6,820.6,815.99,818.36,97.25949849,
2014-01-21 10:00:00,815.99,819.99,815.1,815.15,66.42890746,
2014-01-21 10:30:00,815.87,819.89,814.0,816.55,166.03697986,
2014-01-21 11:00:00,819.62,819.99,814.37,819.62,144.60675953,
2014-01-21 11:30:00,819.7,819.99,817.02,819.98,84.43951978,
2014-01-21 12:00:00,819.99,821.0,815.0,820.85,204.22515771,
2014-01-21 12:30:00,820.85,823.71,820.35,823.0,556.9178967,
2014-01-21 13:00:00,823.0,824.44,819.0,820.24,125.25567407,
2014-01-21 13:30:00,820.84,824.99,820.24,824.65,107.3849654,
2014-01-21 14:00:00,824.65,824.65,822.0,824.53,85.49509841,
2014-01-21 14:30:00,822.51,824.59,820.0,824.0,58.20652375,
2014-01-21 15:00:00,824.0,824.49,820.0,824.38,105.98396657,
2014-01-21 15:30:00,824.21,824.55,820.15,823.7,157.54896603,
2014-01-21 16:00:00,824.48,824.48,820.0,820.0,350.79682357,
2014-01-21 16:30:00,823.45,823.99,817.6,820.0,321.36100741,
2014-01-21 17:00:00,820.0,823.97,818.89,821.14,212.23216888,
2014-01-21 17:30:00,821.14,822.16,816.0,820.0,216.38006747,
2014-01-21 18:00:00,820.95,822.58,818.18,822.0,103.95239591,
2014-01-21 18:30:00,822.4,822.58,817.0,818.18,151.22599026,
2014-01-21 19:00:00,818.18,821.99,817.31,819.09,49.91064426,
2014-01-21 19:30:00,821.81,821.89,817.33,817.34,142.73046481,
2014-01-21 20:00:00,817.35,821.5,816.1,818.23,179.45290329,
2014-01-21 20:30:00,821.08,821.77,816.5,816.5,155.11683853,
2014-01-21 21:00:00,816.72,821.75,815.7,818.5,182.96428226,
2014-01-21 21:30:00,819.41,821.78,818.51,821.77,64.87886009,
2014-01-21 22:00:00,821.77,821.77,816.84,817.45,129.77878372,
2014-01-21 22:30:00,821.08,821.77,817.69,821.49,179.83198215,
2014-01-21 23:00:00,821.49,822.99,820.01,821.76,277.03009389,
2014-01-21 23:30:00,822.97,824.89,822.97,824.89,241.75809259,
2014-01-22 00:00:00,824.88,824.89,822.01,822.01,171.76219529,
2014-01-22 00:30:00,822.01,824.29,822.01,822.8,136.86435378,
2014-01-22 01:00:00,822.8,822.89,821.01,822.85,103.76202208,
2014-01-22 01:30:00,822.57,822.88,819.74,820.0,255.9205403,
2014-01-22 02:00:00,820.95,821.33,817.0,819.68,130.36349557,
2014-01-22 02:30:00,819.68,822.55,816.52,822.54,50.96028759,
2014-01-22 03:00:00,822.0,822.0,816.19,821.81,16.90428336,
2014-01-22 03:30:00,821.9,821.9,818.0,821.81,16.59921909,
2014-01-22 04:00:00,821.9,822.0,819.36,822.0,21.83515714,
2014-01-22 04:30:00,822.0,822.0,820.12,820.94,10.19153835,
2014-01-22 05:00:00,821.1,822.86,821.1,822.3,14.29058331,
2014-01-22 05:30:00,821.1,822.91,820.12,822.89,34.30709278,
2014-01-22 06:00:00,822.19,824.99,820.12,824.98,129.54121561,
2014-01-22 06:30:00,824.98,824.98,820.15,821.59,5.67067809,
2014-01-22 07:00:00,821.34,823.04,821.01,823.04,8.9943884,
2014-01-22 07:30:00,823.05,823.64,820.12,822.0,78.21846694,
2014-01-22 08:00:00,822.0,822.0,818.0,818.6,57.91571222,
2014-01-22 08:30:00,818.81,822.0,818.6,822.0,66.3917255,
2014-01-22 09:00:00,820.12,821.99,817.31,819.5,100.8230619,
2014-01-22 09:30:00,819.5,821.81,814.04,819.62,353.45013695,
2014-01-22 10:00:00,819.97,820.0,815.88,819.62,76.67178416,
2014-01-22 10:30:00,817.3,820.0,817.3,819.0,187.02415186,
2014-01-22 11:00:00,819.99,820.0,808.3,810.0,1113.87169027,
2014-01-22 11:30:00,810.0,813.78,805.8,811.73,308.54767318,
2014-01-22 12:00:00,811.72,812.0,801.0,809.74,433.75018664,
2014-01-22 12:30:00,809.74,809.87,801.58,809.33,180.09133294,
2014-01-22 13:00:00,809.33,809.73,801.01,807.26,187.80716961,
2014-01-22 13:30:00,807.47,809.4,803.1,808.7,77.43937165,
2014-01-22 14:00:00,808.0,813.93,808.0,813.78,158.44156998,
2014-01-22 14:30:00,814.51,816.93,809.38,816.85,175.71575699,
2014-01-22 15:00:00,816.0,820.19,813.83,817.23,397.66559051,
2014-01-22 15:30:00,817.23,817.5,807.0,811.59,480.47372761,
2014-01-22 16:00:00,811.59,812.0,804.0,810.14,404.26984521,
2014-01-22 16:30:00,810.09,819.0,807.39,817.22,313.38055853,
2014-01-22 17:00:00,818.16,818.85,811.0,818.23,224.16423092,
2014-01-22 17:30:00,818.4,818.42,808.0,808.58,175.29822757,
2014-01-22 18:00:00,808.58,816.86,808.58,816.7,257.82351297,
2014-01-22 18:30:00,816.7,816.83,811.0,811.0,114.63008029,
2014-01-22 19:00:00,811.0,817.96,810.73,814.35,129.73878209,
2014-01-22 19:30:00,817.43,818.41,811.72,818.4,207.64024503,
2014-01-22 20:00:00,818.16,819.0,812.96,817.85,222.46585309,
2014-01-22 20:30:00,819.08,819.08,814.41,816.7,93.14102556,
2014-01-22 21:00:00,817.0,819.9,814.91,819.55,176.30157782,
2014-01-22 21:30:00,819.95,820.0,815.0,820.0,241.40020514,
2014-01-22 22:00:00,818.8,820.0,817.8,818.0,58.40333025,
2014-01-22 22:30:00,818.13,820.0,817.01,817.27,43.61916267,
2014-01-22 23:00:00,817.27,819.9,817.03,819.89,28.17663532,
2014-01-22 23:30:00,819.89,820.0,817.0,819.2,76.37464283,
2014-01-23 00:00:00,819.2,819.2,813.16,818.06,99.30047721,
2014-01-23 00:30:00,818.16,818.16,816.05,817.15,33.25643849,
2014-01-23 01:00:00,818.16,820.49,817.15,819.0,138.00701949,
2014-01-23 01:30:00,818.0,821.8,818.0,821.8,139.53567757,
2014-01-23 02:00:00,820.25,823.28,820.0,822.99,128.37122608,
2014-01-23 02:30:00,822.25,822.99,818.74,820.14,82.51769142,
2014-01-23 03:00:00,820.39,822.88,815.88,816.65,78.50171101,
2014-01-23 03:30:00,816.54,821.32,812.0,816.54,265.36871807,
2014-01-23 04:00:00,816.54,817.96,812.51,814.09,12.22501607,
2014-01-23 04:30:00,814.09,819.98,813.0,818.88,27.50707743,
2014-01-23 05:00:00,819.54,819.57,816.65,819.57,65.85011039,
2014-01-23 05:30:00,819.0,820.0,816.65,819.62,72.51853901,
2014-01-23 06:00:00,819.9,822.86,816.65,817.98,86.97634128,
2014-01-23 06:30:00,819.7,821.0,816.28,817.51,20.53003843,
2014-01-23 07:00:00,817.01,817.51,815.81,816.04,8.80815495,
2014-01-23 07:30:00,816.04,817.51,815.31,817.0,62.72034092,
2014-01-23 08:00:00,817.51,820.0,817.0,817.27,56.1217534,
2014-01-23 08:30:00,817.3,820.9,816.65,819.62,181.70172406,
2014-01-23 09:00:00,820.0,820.0,815.05,815.08,39.01731586,
2014-01-23 09:30:00,815.81,818.16,815.74,817.09,13.11090014,
2014-01-23 10:00:00,817.09,819.04,815.81,817.23,22.80510626,
2014-01-23 10:30:00,817.23,817.25,815.81,815.93,21.4495459,
2014-01-23 11:00:00,815.93,818.9,815.81,817.3,37.59592931,
2014-01-23 11:30:00,817.3,818.69,815.81,815.93,50.08613729,
2014-01-23 12:00:00,815.81,815.93,810.0,811.28,354.47554075,
2014-01-23 12:30:00,811.43,815.0,810.0,812.01,84.68626915,
2014-01-23 13:00:00,812.01,814.89,809.11,809.17,267.14695718,
2014-01-23 13:30:00,809.17,813.0,809.11,812.32,43.82486365,
2014-01-23 14:00:00,812.32,812.32,805.7,811.57,779.0600049,
2014-01-23 14:30:00,811.56,812.0,804.11,809.21,232.30723522,
2014-01-23 15:00:00,806.19,813.0,806.0,810.15,250.40101273,
2014-01-23 15:30:00,810.2,812.48,805.04,808.0,245.66994149,
2014-01-23 16:00:00,808.21,811.9,801.1,806.96,713.74360086,
2014-01-23 16:30:00,806.96,807.0,802.48,803.51,300.93861785,
2014-01-23 17:00:00,803.51,814.8,803.04,813.05,524.93595229,
2014-01-23 17:30:00,813.44,813.44,805.94,810.0,279.55732266,
2014-01-23 18:00:00,808.0,813.4,807.11,813.4,291.06664833,
2014-01-23 18:30:00,813.4,813.73,810.9,812.25,140.45535274,
2014-01-23 19:00:00,812.25,812.25,808.11,810.89,112.55486596,
2014-01-23 19:30:00,810.89,810.9,805.51,810.89,146.88129665,
2014-01-23 20:00:00,810.89,814.71,806.3,814.42,195.81560823,
2014-01-23 20:30:00,814.5,814.8,809.5,813.7,124.08721005,
2014-01-23 21:00:00,813.7,814.77,811.0,814.7,34.37882683,
2014-01-23 21:30:00,814.7,815.0,813.0,815.0,164.91508746,
2014-01-23 22:00:00,815.0,817.14,812.0,812.3,144.61553387,
2014-01-23 22:30:00,812.3,818.2,812.29,812.39,119.50336911,
2014-01-23 23:00:00,812.4,813.0,811.75,812.0,58.94951864,
2014-01-23 23:30:00,811.5,812.95,808.75,812.0,41.15586542,
2014-01-24 00:00:00,810.95,811.0,806.0,809.42,222.74055983,
2014-01-24 00:30:00,806.39,810.19,806.08,810.19,95.51496642,
2014-01-24 01:00:00,810.19,811.74,806.08,809.0,27.9396287,
2014-01-24 01:30:00,809.0,809.0,806.0,807.37,119.01637627,
2014-01-24 02:00:00,807.36,808.2,800.0,800.41,606.59456033,
2014-01-24 02:30:00,800.41,807.35,791.0,792.01,693.17979927,
2014-01-24 03:00:00,791.0,798.5,783.0,795.79,760.95496325,
2014-01-24 03:30:00,795.75,797.9,790.0,790.41,186.06534369,
2014-01-24 04:00:00,790.0,795.79,782.0,791.85,523.7289676,
2014-01-24 04:30:00,791.5,797.81,782.3,784.17,489.06129804,
2014-01-24 05:00:00,784.17,785.19,771.0,773.06,648.04169573,
2014-01-24 05:30:00,774.17,787.86,771.0,771.0,488.48796674,
2014-01-24 06:00:00,772.26,787.86,770.0,785.0,503.83203493,
2014-01-24 06:30:00,786.06,787.86,775.27,776.66,457.79868734,
2014-01-24 07:00:00,777.66,782.97,767.02,767.37,630.33238548,
2014-01-24 07:30:00,769.0,777.7,768.0,770.13,418.25445519,
2014-01-24 08:00:00,770.13,788.98,770.13,780.0,514.79982473,
2014-01-24 08:30:00,778.0,790.72,777.0,789.49,336.04120591,
2014-01-24 09:00:00,783.68,797.0,783.67,796.43,563.43971205,
2014-01-24 09:30:00,792.0,796.43,785.99,788.65,226.40400141,
2014-01-24 10:00:00,788.65,793.0,784.91,790.0,285.1650401,
2014-01-24 10:30:00,790.0,792.59,788.05,788.05,348.01172,
2014-01-24 11:00:00,788.05,789.99,784.0,786.89,334.99532564,
2014-01-24 11:30:00,786.89,787.57,776.22,776.45,319.14790937,
2014-01-24 12:00:00,776.45,785.0,774.41,784.16,673.70236556,
2014-01-24 12:30:00,784.99,790.0,784.84,786.37,452.93040482,
2014-01-24 13:00:00,786.37,790.0,785.41,789.0,514.55759569,
2014-01-24 13:30:00,788.8,793.0,787.72,790.0,421.68937902,
2014-01-24 14:00:00,788.99,797.0,788.33,796.87,255.96640576,
2014-01-24 14:30:00,796.85,796.85,788.1,788.39,151.80298107,
2014-01-24 15:00:00,790.0,797.24,788.5,791.5,137.60818794,
2014-01-24 15:30:00,791.55,794.98,786.61,787.72,305.8166345,
2014-01-24 16:00:00,786.72,794.33,782.0,786.0,389.86063491,
2014-01-24 16:30:00,786.0,791.15,783.64,789.04,171.63355568,
2014-01-24 17:00:00,789.04,792.96,786.49,791.98,203.25844126,
2014-01-24 17:30:00,792.0,792.0,786.83,789.94,108.71114795,
2014-01-24 18:00:00,789.15,794.6,788.05,789.8,189.05485539,
2014-01-24 18:30:00,789.8,796.0,788.5,795.0,258.32620949,
2014-01-24 19:00:00,792.42,796.89,791.51,791.51,155.21264155,
2014-01-24 19:30:00,791.43,791.43,789.0,790.0,103.04901861,
2014-01-24 20:00:00,790.0,792.28,785.24,787.99,222.70137712,
2014-01-24 20:30:00,788.0,790.94,783.62,785.5,164.18500141,
2014-01-24 21:00:00,786.68,789.99,783.65,785.53,64.31910956,
2014-01-24 21:30:00,783.51,790.0,783.5,785.53,183.16821921,
2014-01-24 22:00:00,785.53,790.0,783.5,784.0,134.41928731,
2014-01-24 22:30:00,784.0,787.0,777.56,779.93,434.49050668,
2014-01-24 23:00:00,779.93,784.89,777.17,777.83,179.09557406,
2014-01-24 23:30:00,777.83,784.4,777.18,780.0,100.09457524,
2014-01-25 00:00:00,780.0,780.0,775.0,777.0,180.25124559,
2014-01-25 00:30:00,777.0,779.49,774.0,775.0,284.76357087,
2014-01-25 01:00:00,775.07,788.0,773.4,784.24,486.53097268,
2014-01-25 01:30:00,787.75,787.98,780.01,781.01,298.01597017,
2014-01-25 02:00:00,782.0,783.5,780.02,782.94,113.1519443,
2014-01-25 02:30:00,782.94,787.0,780.0,784.83,547.03433976,
2014-01-25 03:00:00,787.0,787.98,786.44,787.49,37.48321019,
2014-01-25 03:30:00,787.49,787.5,783.43,787.4,171.49487475,
2014-01-25 04:00:00,784.13,789.56,784.04,789.5,48.20033917,
2014-01-25 04:30:00,789.56,792.29,786.25,789.03,178.11912572,
2014-01-25 05:00:00,789.92,794.62,789.04,794.14,96.69542104,
2014-01-25 05:30:00,794.14,795.96,793.5,795.85,92.47536685,
2014-01-25 06:00:00,791.98,796.01,791.04,792.83,86.94147718,
2014-01-25 06:30:00,792.83,792.83,783.25,789.99,254.52754737,
2014-01-25 07:00:00,788.5,796.0,788.0,794.8,161.06503676,
2014-01-25 07:30:00,794.8,796.19,790.5,793.51,48.94640003,
2014-01-25 08:00:00,794.5,794.88,793.11,794.85,12.5940528,
2014-01-25 09:30:00,794.88,799.5,790.87,791.45,261.75827574,
2014-01-25 10:30:00,790.87,792.0,790.45,790.5,33.86737496,
2014-01-25 11:00:00,791.0,797.29,790.5,794.21,84.75707555,
2014-01-25 11:30:00,794.21,794.21,787.48,792.0,126.16541064,
2014-01-25 12:00:00,789.22,794.8,788.9,794.34,63.60596839,
2014-01-25 12:30:00,794.34,794.34,786.0,793.95,141.35795779,
2014-01-25 13:00:00,793.95,794.0,790.77,794.0,34.03147771,
2014-01-25 13:30:00,794.0,794.2,792.0,793.89,69.41623876,
2014-01-25 14:00:00,793.89,795.0,788.97,792.0,134.24931539,
2014-01-25 14:30:00,792.0,793.0,788.96,790.7,130.65667639,
2014-01-25 15:00:00,790.7,791.89,788.96,790.0,106.52762802,
2014-01-25 15:30:00,789.17,794.99,789.14,793.63,78.2437956,
2014-01-25 16:00:00,793.97,796.9,789.05,794.0,108.67633134,
2014-01-25 16:30:00,795.67,799.0,791.88,797.49,241.86733902,
2014-01-25 17:00:00,799.0,808.99,797.49,805.01,1231.47478532,
2014-01-25 17:30:00,807.2,810.0,805.01,806.0,551.20593077,
2014-01-25 18:00:00,805.99,809.76,804.01,807.0,126.11976136,
2014-01-25 18:30:00,805.01,810.0,805.0,809.92,163.23409837,
2014-01-25 19:00:00,806.01,810.0,805.85,809.0,131.69280177,
2014-01-25 19:30:00,809.0,810.85,807.02,809.1,102.34370003,
2014-01-25 20:00:00,809.1,816.3,808.24,816.3,645.32693592,
2014-01-25 20:30:00,816.1,817.0,811.05,811.75,262.10791316,
2014-01-25 21:00:00,811.19,812.0,809.0,811.98,115.33800501,
2014-01-25 21:30:00,811.98,816.97,811.62,816.97,88.24081137,
2014-01-25 22:00:00,816.58,817.0,810.82,812.0,99.91331801,
2014-01-25 22:30:00,812.0,813.81,809.0,813.35,53.64323325,
2014-01-25 23:00:00,808.53,813.33,804.15,807.0,87.25760302,
2014-01-25 23:30:00,807.0,808.0,801.0,806.8,334.19335551,
2014-01-26 00:00:00,806.81,807.0,795.01,802.0,284.44880517,
2014-01-26 00:30:00,802.0,804.69,798.0,804.69,64.58804102,
2014-01-26 01:00:00,805.21,805.97,801.22,805.78,52.27547388,
2014-01-26 01:30:00,805.81,808.1,805.78,807.94,21.15196808,
2014-01-26 02:00:00,807.94,807.94,805.0,805.0,46.60437102,
2014-01-26 02:30:00,806.22,806.22,804.1,805.93,9.19033803,
2014-01-26 03:00:00,804.1,807.0,804.0,807.0,13.07627346,
2014-01-26 03:30:00,807.0,807.03,803.01,807.03,15.0366668,
2014-01-26 04:00:00,806.98,807.93,805.26,806.47,4.39588803,
2014-01-26 04:30:00,806.47,807.9,802.81,805.21,17.35253942,
2014-01-26 05:00:00,804.21,805.04,800.39,800.39,20.27182532,
2014-01-26 05:30:00,801.02,802.22,800.31,802.22,4.87862414,
2014-01-26 06:00:00,802.22,802.41,800.5,801.88,1.21766352,
2014-01-26 06:30:00,801.88,805.42,801.11,805.42,21.05660455,
2014-01-26 07:00:00,805.04,807.5,804.27,805.0,7.2059724,
2014-01-26 07:30:00,805.8,807.48,803.0,806.95,12.97686202,
2014-01-26 08:00:00,806.95,807.49,798.41,805.21,83.62957404,
2014-01-26 08:30:00,805.21,807.49,798.05,799.68,133.9069953,
2014-01-26 09:00:00,799.38,802.5,795.11,798.0,108.97957578,
2014-01-26 09:30:00,798.0,807.07,797.55,806.99,133.32895627,
2014-01-26 10:00:00,806.99,810.5,806.28,808.99,162.39337513,
2014-01-26 10:30:00,808.99,809.97,800.0,807.99,136.49781721,
2014-01-26 11:00:00,807.99,808.0,800.0,806.3,128.66922804,
2014-01-26 11:30:00,806.3,810.99,803.27,803.27,134.10996696,
2014-01-26 12:00:00,803.27,809.96,803.04,806.11,24.82231951,
2014-01-26 12:30:00,806.11,810.0,806.01,809.94,14.88468886,
2014-01-26 13:00:00,806.15,810.99,806.0,810.99,113.22934578,
2014-01-26 13:30:00,810.99,814.7,808.16,812.0,176.61821844,
2014-01-26 14:00:00,812.0,814.99,809.73,814.99,322.6801462,
2014-01-26 14:30:00,814.99,829.0,814.5,826.48,3027.19564387,
2014-01-26 15:00:00,826.48,834.0,824.88,830.01,954.75959833,
2014-01-26 15:30:00,830.1,831.0,819.99,823.0,607.39517991,
2014-01-26 16:00:00,822.51,828.98,820.0,820.0,648.61941218,
2014-01-26 16:30:00,822.42,829.49,820.0,828.03,494.8143864,
2014-01-26 17:00:00,828.03,829.49,824.99,826.4,90.65620909,
2014-01-26 17:30:00,826.31,828.0,825.75,825.78,89.92126458,
2014-01-26 18:00:00,827.0,830.0,823.5,826.74,380.5873326,
2014-01-26 18:30:00,826.74,829.98,824.0,826.71,154.88521601,
2014-01-26 19:00:00,824.03,827.0,820.72,821.01,225.09243894,
2014-01-26 19:30:00,822.95,822.95,818.0,819.72,103.7076254,
2014-01-26 20:00:00,818.01,822.01,817.0,820.0,173.65178393,
2014-01-26 20:30:00,820.0,822.99,818.0,822.95,70.40570367,
2014-01-26 21:00:00,822.95,822.95,817.9,818.33,55.76548262,
2014-01-26 21:30:00,818.33,821.89,818.33,820.85,78.86588432,
2014-01-26 22:00:00,820.89,820.89,818.3,818.32,44.65337855,
2014-01-26 22:30:00,818.32,819.49,818.3,819.48,34.05051619,
2014-01-26 23:00:00,818.38,819.48,812.84,812.84,138.66061689,
2014-01-26 23:30:00,812.84,814.92,812.7,814.75,60.97146401,
2014-01-27 00:00:00,814.67,814.75,812.0,813.01,243.66507026,
2014-01-27 00:30:00,813.01,813.95,812.1,813.95,8.66330627,
2014-01-27 01:00:00,812.7,819.0,812.7,815.75,25.63962928,
2014-01-27 01:30:00,816.35,816.95,815.7,816.69,7.27348421,
2014-01-27 02:00:00,816.67,820.0,814.67,816.23,49.83185261,
2014-01-27 02:30:00,817.43,820.0,814.8,815.2,83.16678753,
2014-01-27 03:00:00,815.1,821.0,815.1,821.0,46.61604541,
2014-01-27 03:30:00,820.98,821.1,817.08,821.0,295.35447677,
2014-01-27 04:00:00,821.0,823.0,817.1,821.93,101.01323657,
2014-01-27 04:30:00,821.93,823.0,817.68,820.14,35.83021475,
2014-01-27 05:00:00,820.14,822.49,815.8,815.8,133.89650762,
2014-01-27 05:30:00,816.71,821.45,816.0,816.3,4.15774483,
2014-01-27 06:00:00,817.1,817.1,815.8,815.9,28.09334263,
2014-01-27 06:30:00,817.0,817.0,815.8,817.0,4.69387811,
2014-01-27 07:00:00,815.98,819.95,815.98,816.19,24.09191687,
2014-01-27 07:30:00,817.0,818.01,815.6,818.01,26.2154126,
2014-01-27 08:00:00,818.01,819.94,815.61,818.6,74.52171861,
2014-01-27 08:30:00,818.21,821.27,815.66,817.23,55.8401339,
2014-01-27 09:00:00,817.23,817.41,814.83,815.8,61.05827519,
2014-01-27 09:30:00,817.41,820.5,814.84,815.1,29.95820809,
2014-01-27 10:00:00,815.1,816.26,814.5,814.5,129.74566339,
2014-01-27 10:30:00,814.99,815.0,810.9,812.22,159.64317267,
2014-01-27 11:00:00,812.22,812.97,808.0,809.61,257.9538234,
2014-01-27 11:30:00,809.11,810.0,801.8,805.32,436.20850573,
2014-01-27 12:00:00,805.32,807.91,802.0,805.42,149.47952951,
2014-01-27 12:30:00,806.35,819.0,802.64,812.5,335.99867994,
2014-01-27 13:00:00,812.0,814.93,800.0,807.57,1112.76179704,
2014-01-27 13:30:00,807.56,809.83,804.34,809.21,131.16379543,
2014-01-27 14:00:00,809.83,810.0,803.47,804.68,127.38332445,
2014-01-27 14:30:00,804.68,808.49,803.02,803.05,98.15939263,
2014-01-27 15:00:00,803.45,809.5,803.01,808.87,279.4539146,
2014-01-27 15:30:00,808.88,814.9,805.89,811.19,239.06229691,
2014-01-27 16:00:00,811.19,814.87,800.0,800.0,446.88808849,
2014-01-27 16:30:00,799.92,800.0,790.0,793.9,1261.5852048,
2014-01-27 17:00:00,794.39,799.0,780.0,780.0,1467.35078654,
2014-01-27 17:30:00,785.19,786.0,750.0,778.0,5007.0532025,
2014-01-27 18:00:00,778.0,792.94,772.0,786.5,833.22531961,
2014-01-27 18:30:00,786.5,793.34,775.15,787.3,1098.29037121,
2014-01-27 19:00:00,783.59,789.94,782.01,786.86,473.54507098,
2014-01-27 19:30:00,786.0,788.45,775.49,785.0,1059.27425576,
2014-01-27 20:00:00,785.0,787.0,775.49,780.1,402.34056851,
2014-01-27 20:30:00,778.94,781.0,765.0,767.73,822.89083399,
2014-01-27 21:00:00,767.73,781.48,767.73,775.83,618.33839735,
2014-01-27 21:30:00,771.41,778.77,765.67,770.07,396.51064149,
2014-01-27 22:00:00,770.07,770.99,751.32,758.66,1409.34950518,
2014-01-27 22:30:00,758.66,763.94,742.96,743.23,1067.06521339,
2014-01-27 23:00:00,745.01,754.45,725.0,732.0,2124.93593427,
2014-01-27 23:30:00,730.04,759.0,730.0,751.95,1908.99809476,
2014-01-28 00:00:00,750.95,761.0,741.77,750.11,688.50923139,
2014-01-28 00:30:00,750.11,756.84,742.51,749.02,517.98700149,
2014-01-28 01:00:00,750.99,759.99,747.0,756.19,393.2556642,
2014-01-28 01:30:00,757.37,776.0,755.21,775.91,851.87860521,
2014-01-28 02:00:00,772.04,776.0,764.33,767.41,343.5614637,
2014-01-28 02:30:00,768.8,771.98,761.16,764.68,257.67607042,
2014-01-28 03:00:00,766.83,773.16,762.1,765.05,80.45219633,
2014-01-28 03:30:00,765.82,775.5,764.91,771.33,348.08156341,
2014-01-28 04:00:00,770.63,771.2,752.0,752.0,415.96107148,
2014-01-28 04:30:00,751.55,760.26,748.89,760.26,205.81293582,
2014-01-28 05:00:00,760.32,765.0,758.0,759.99,108.95223335,
2014-01-28 05:30:00,760.0,760.5,743.0,752.0,684.12601693,
2014-01-28 06:00:00,752.0,757.99,740.01,754.1,715.49298306,
2014-01-28 06:30:00,754.1,760.0,751.0,755.21,194.54765789,
2014-01-28 07:00:00,754.96,765.0,754.46,760.87,129.97189356,
2014-01-28 07:30:00,760.87,767.67,759.9,765.33,235.27144461,
2014-01-28 08:00:00,762.29,762.29,751.21,758.94,327.47686347,
2014-01-28 08:30:00,759.95,761.1,754.89,761.1,106.17559583,
2014-01-28 09:00:00,761.1,761.1,755.09,760.89,115.44730163,
2014-01-28 09:30:00,760.0,762.64,756.87,762.57,78.51344814,
2014-01-28 10:00:00,763.81,768.86,760.0,767.15,451.82459992,
2014-01-28 10:30:00,768.05,774.3,763.5,774.2,226.65527347,
2014-01-28 11:00:00,773.04,787.0,770.43,785.77,998.65377102,
2014-01-28 11:30:00,781.78,785.7,778.86,783.37,282.63070256,
2014-01-28 12:00:00,783.37,800.01,780.0,780.1,1395.85191877,
2014-01-28 12:30:00,780.1,794.22,779.86,787.5,343.64863442,
2014-01-28 13:00:00,787.7,793.0,781.5,781.68,278.27439652,
2014-01-28 13:30:00,781.69,806.66,781.07,797.31,1341.9733326,
2014-01-28 14:00:00,796.83,807.94,795.02,807.89,500.58971642,
2014-01-28 14:30:00,807.97,809.8,780.0,788.0,1248.75562828,
2014-01-28 15:00:00,788.0,794.03,785.0,793.16,168.73479936,
2014-01-28 15:30:00,793.16,797.26,790.0,795.01,221.25129765,
2014-01-28 16:00:00,795.01,802.99,795.01,802.0,380.97983348,
2014-01-28 16:30:00,802.0,812.91,798.68,807.0,1207.54852859,
2014-01-28 17:00:00,807.83,812.93,803.97,806.64,711.54510436,
2014-01-28 17:30:00,806.0,806.0,799.98,800.22,368.90840413,
2014-01-28 18:00:00,800.4,805.0,796.27,799.65,286.48348972,
2014-01-28 18:30:00,799.45,803.39,795.0,795.0,147.95238353,
2014-01-28 19:00:00,795.05,798.09,792.25,794.5,238.20008987,
2014-01-28 19:30:00,794.5,797.0,793.0,793.29,64.71936338,
2014-01-28 20:00:00,793.29,796.7,787.28,787.82,299.13164749,
2014-01-28 20:30:00,787.82,792.49,785.0,792.49,408.55181022,
2014-01-28 21:00:00,792.49,799.85,789.55,791.38,298.02019088,
2014-01-28 21:30:00,791.38,802.97,790.0,794.68,229.95954552,
2014-01-28 22:00:00,794.31,799.69,792.0,796.0,395.05211259,
2014-01-28 22:30:00,797.0,799.0,792.02,795.55,339.77548106,
2014-01-28 23:00:00,795.4,796.99,791.1,792.34,96.25634258,
2014-01-28 23:30:00,792.35,793.19,785.51,788.0,311.73649656,
2014-01-29 00:00:00,785.51,788.0,783.0,783.0,223.48961438,
2014-01-29 00:30:00,784.78,790.97,781.99,783.28,210.83244018,
2014-01-29 01:00:00,783.28,792.0,783.22,790.09,106.84210262,
2014-01-29 01:30:00,789.37,792.14,785.48,789.15,58.08011059,
2014-01-29 02:00:00,789.17,793.0,789.15,792.85,148.47672674,
2014-01-29 02:30:00,792.85,796.49,783.2,784.11,281.33184069,
2014-01-29 03:00:00,785.3,796.96,785.22,789.0,216.52185326,
2014-01-29 03:30:00,789.29,795.0,788.17,790.01,35.02275782,
2014-01-29 04:00:00,790.01,796.0,790.01,794.0,51.99140348,
2014-01-29 04:30:00,793.64,794.0,786.93,788.7,66.86082738,
2014-01-29 05:00:00,788.71,789.64,784.01,789.51,120.71891008,
2014-01-29 05:30:00,789.51,789.51,787.42,789.34,14.69935139,
2014-01-29 06:00:00,789.34,794.9,784.0,786.75,101.82320444,
2014-01-29 06:30:00,786.75,794.88,786.73,794.88,131.8526783,
2014-01-29 07:00:00,794.88,796.0,792.94,793.06,78.05879797,
2014-01-29 07:30:00,793.66,794.88,786.71,790.02,209.32559297,
2014-01-29 08:00:00,791.19,793.45,788.76,790.36,70.90783085,
2014-01-29 08:30:00,791.4,794.0,790.0,794.0,133.47279079,
2014-01-29 09:00:00,794.0,796.5,790.51,791.0,129.14439547,
2014-01-29 09:30:00,792.0,794.7,790.01,790.01,101.55353771,
2014-01-29 10:00:00,792.09,794.7,790.0,793.33,74.25141626,
2014-01-29 10:30:00,793.08,793.97,791.9,793.97,67.64084036,
2014-01-29 11:00:00,793.98,798.4,791.97,798.0,190.14670537,
2014-01-29 11:30:00,798.0,798.49,797.0,797.01,96.70472473,
2014-01-29 12:00:00,797.01,798.3,791.69,798.0,59.00530461,
2014-01-29 12:30:00,798.22,798.5,790.52,796.5,194.59398216,
2014-01-29 13:00:00,796.69,797.0,796.1,796.69,41.77012319,
2014-01-29 13:30:00,796.95,797.89,795.0,796.79,343.47779205,
2014-01-29 14:00:00,796.79,797.0,793.78,795.02,63.50802343,
2014-01-29 14:30:00,795.1,796.54,793.78,796.0,98.67815575,
2014-01-29 15:00:00,796.0,797.0,795.48,796.0,70.26833286,
2014-01-29 15:30:00,796.0,798.24,795.7,797.95,146.267499,
2014-01-29 16:00:00,798.05,802.98,797.0,800.06,546.53511673,
2014-01-29 16:30:00,801.57,804.0,798.62,803.5,307.86855773,
2014-01-29 17:00:00,802.6,804.95,802.0,803.99,343.59949993,
2014-01-29 17:30:00,803.99,804.15,800.0,803.21,121.41253166,
2014-01-29 18:00:00,803.21,804.0,790.07,799.89,460.68034539,
2014-01-29 18:30:00,799.89,801.5,797.51,801.2,164.39749434,
2014-01-29 19:00:00,799.17,801.93,792.01,798.01,73.79979051,
2014-01-29 19:30:00,798.16,800.0,793.5,798.39,94.61594495,
2014-01-29 20:00:00,795.8,799.0,793.49,793.65,107.44503765,
2014-01-29 20:30:00,793.97,795.95,789.0,795.01,351.25536916,
2014-01-29 21:00:00,795.01,795.01,793.65,794.75,45.22977641,
2014-01-29 21:30:00,794.75,794.83,792.56,794.83,97.84163972,
2014-01-29 22:00:00,794.83,795.02,792.01,795.02,152.79450867,
2014-01-29 22:30:00,795.03,796.0,791.56,794.47,74.20065269,
2014-01-29 23:00:00,794.3,794.47,790.81,794.29,78.16343713,
2014-01-29 23:30:00,794.29,794.29,790.32,794.21,87.36219288,
2014-01-30 00:00:00,794.25,795.0,792.68,795.0,91.3319433,
2014-01-30 00:30:00,795.0,795.0,793.96,795.0,63.86079862,
2014-01-30 01:00:00,795.0,796.0,791.5,795.99,154.033729,
2014-01-30 01:30:00,795.0,796.0,793.0,793.0,132.71184738,
2014-01-30 02:00:00,792.97,795.0,789.0,793.34,162.68633759,
2014-01-30 02:30:00,794.31,794.34,792.22,794.0,15.92657765,
2014-01-30 03:00:00,794.0,794.24,787.99,793.43,176.93753208,
2014-01-30 03:30:00,790.1,794.84,786.69,793.32,95.58198896,
2014-01-30 04:00:00,792.62,794.99,792.58,794.99,111.26557858,
2014-01-30 04:30:00,794.99,794.99,792.61,794.99,25.46540699,
2014-01-30 05:00:00,794.98,794.99,792.69,794.5,27.88391027,
2014-01-30 05:30:00,794.5,794.75,787.95,789.6,65.82306103,
2014-01-30 06:00:00,789.42,792.19,787.23,789.88,61.0272488,
2014-01-30 06:30:00,789.88,789.88,783.25,788.62,264.47360528,
2014-01-30 07:00:00,788.62,789.86,783.11,786.41,97.01812632,
2014-01-30 07:30:00,786.4,786.9,781.1,781.24,289.71893229,
2014-01-30 08:00:00,781.24,781.25,775.02,781.17,669.29676597,
2014-01-30 08:30:00,781.18,782.0,775.7,778.0,100.97056898,
2014-01-30 09:00:00,776.28,777.07,770.7,777.06,569.00061646,
2014-01-30 09:30:00,777.0,783.03,777.0,780.82,196.84365999,
2014-01-30 10:00:00,783.16,783.95,780.0,782.18,118.23878191,
2014-01-30 10:30:00,781.19,784.02,781.0,783.99,80.56180139,
2014-01-30 11:00:00,783.99,784.18,778.34,781.0,75.38112081,
2014-01-30 11:30:00,781.5,783.49,779.86,783.0,113.84863098,
2014-01-30 12:00:00,783.39,783.4,776.2,777.5,108.11182217,
2014-01-30 12:30:00,777.5,779.91,775.02,779.91,155.51429054,
2014-01-30 13:00:00,779.91,785.98,779.15,784.08,146.58226372,
2014-01-30 13:30:00,785.97,786.0,779.0,782.7,183.0812565,
2014-01-30 14:00:00,782.71,790.0,782.71,787.59,421.01322617,
2014-01-30 14:30:00,787.0,790.0,785.02,788.95,336.97364313,
2014-01-30 15:00:00,788.95,790.98,785.0,787.18,566.89747531,
2014-01-30 15:30:00,785.54,788.99,785.54,787.95,175.9751006,
2014-01-30 16:00:00,787.5,810.2,785.71,805.0,2555.04228613,
2014-01-30 16:30:00,805.0,812.44,801.02,805.2,1310.79139769,
2014-01-30 17:00:00,805.2,809.99,800.0,803.2,670.53490874,
2014-01-30 17:30:00,802.6,806.0,797.77,800.6,479.70284218,
2014-01-30 18:00:00,800.6,804.88,796.7,803.43,275.59068669,
2014-01-30 18:30:00,803.5,808.33,803.1,803.11,289.25206074,
2014-01-30 19:00:00,803.11,806.0,800.2,800.35,267.56609414,
2014-01-30 19:30:00,801.16,803.31,800.1,803.31,89.81350072,
2014-01-30 20:00:00,803.31,803.52,799.78,800.01,153.64806597,
2014-01-30 20:30:00,800.01,801.8,799.0,801.0,124.94800449,
2014-01-30 21:00:00,801.0,803.22,798.87,801.93,768.88225511,
2014-01-30 21:30:00,801.93,802.28,799.15,801.0,61.00312694,
2014-01-30 22:00:00,798.97,801.0,798.5,798.92,48.69724746,
2014-01-30 22:30:00,798.92,800.8,798.9,800.0,51.64609376,
2014-01-30 23:00:00,799.89,800.0,797.01,798.21,71.12253124,
2014-01-30 23:30:00,798.21,800.0,798.21,799.99,53.26940517,
2014-01-31 00:00:00,799.99,800.0,799.01,799.98,95.29645441,
2014-01-31 00:30:00,799.98,804.93,799.01,801.83,240.75343612,
2014-01-31 01:00:00,801.83,801.83,799.87,801.32,78.86140246,
2014-01-31 01:30:00,801.32,802.52,801.32,802.49,7.07078366,
2014-01-31 02:00:00,802.49,802.49,799.99,801.59,25.9288871,
2014-01-31 02:30:00,801.59,804.0,798.99,800.5,159.54259087,
2014-01-31 03:00:00,801.0,801.49,796.85,797.0,94.01492629,
2014-01-31 03:30:00,798.05,800.48,791.21,795.0,383.56878265,
2014-01-31 04:00:00,795.0,804.98,795.0,804.98,186.39878096,
2014-01-31 04:30:00,801.76,804.96,798.97,804.96,94.97477165,
2014-01-31 05:00:00,801.74,804.49,791.52,802.55,259.88699815,
2014-01-31 05:30:00,801.92,802.49,791.03,798.35,191.13664725,
2014-01-31 06:00:00,798.38,798.38,791.0,796.17,130.55011702,
2014-01-31 06:30:00,795.89,798.24,795.02,797.89,13.43992474,
2014-01-31 07:00:00,797.87,797.87,797.0,797.25,35.87188472,
2014-01-31 07:30:00,797.16,809.8,797.09,800.0,661.80365638,
2014-01-31 08:00:00,800.0,808.96,800.0,805.77,72.57369176,
2014-01-31 08:30:00,805.38,809.8,804.66,807.4,130.08504057,
2014-01-31 09:00:00,807.35,809.98,805.12,805.49,227.38913149,
2014-01-31 09:30:00,805.49,808.98,803.23,803.32,145.96033984,
2014-01-31 10:00:00,806.9,808.98,803.33,806.0,34.14391382,
2014-01-31 10:30:00,806.0,808.99,796.01,803.0,468.20050106,
2014-01-31 11:00:00,803.11,803.8,793.0,800.0,387.55427083,
2014-01-31 11:30:00,799.75,804.5,799.75,804.5,82.53300238,
2014-01-31 12:00:00,804.5,804.99,803.86,804.58,38.45640883,
2014-01-31 12:30:00,804.33,804.58,800.0,804.0,104.90078354,
2014-01-31 13:00:00,804.0,804.58,800.03,804.55,83.20293997,
2014-01-31 13:30:00,804.55,804.99,797.56,798.76,135.02721703,
2014-01-31 14:00:00,798.0,800.0,795.0,796.91,160.35376864,
2014-01-31 14:30:00,795.0,802.0,795.0,801.98,112.55071537,
2014-01-31 15:00:00,800.42,806.0,800.0,805.98,138.12830415,
2014-01-31 15:30:00,805.0,807.83,798.08,804.97,343.45879942,
2014-01-31 16:00:00,804.98,804.98,803.4,803.4,68.54388299,
2014-01-31 16:30:00,803.4,808.0,801.39,802.6,734.88726399,
2014-01-31 17:00:00,802.6,805.01,800.0,803.0,235.76421914,
2014-01-31 17:30:00,803.0,803.62,799.22,802.2,214.0185184,
2014-01-31 18:00:00,802.99,804.97,802.0,804.95,36.3180945,
2014-01-31 18:30:00,804.94,806.0,799.0,801.46,297.36484832,
2014-01-31 19:00:00,801.46,805.77,799.0,801.0,209.44821458,
2014-01-31 19:30:00,801.0,801.0,798.87,799.34,176.50491687,
2014-01-31 20:00:00,800.0,800.0,798.09,798.09,122.12087348,
2014-01-31 20:30:00,799.71,801.49,798.0,800.0,157.70451589,
2014-01-31 21:00:00,799.56,803.9,799.56,803.85,17.35753347,
2014-01-31 21:30:00,803.85,804.69,800.76,801.96,43.26401855,
2014-01-31 22:00:00,801.96,803.0,801.96,802.96,6.28793966,
2014-01-31 22:30:00,801.99,804.47,801.99,804.03,6.80769546,
2014-01-31 23:00:00,804.03,804.99,801.99,804.7,42.86693121,
2014-01-31 23:30:00,804.99,804.99,801.96,803.0,35.28171677,
